,Individual,Species,Replicate,Temperature,Direction,Day,Date,Vmax.low,Vmax.mean,Vmax.high
2,ALRU21DA,ALRU,1,21,down,0,8/20/19,0.747460381,0.792778721,0.841545895
3,ALRU21DA,ALRU,1,21,down,3,8/23/19,0.565471734,0.600297568,0.63728053
4,ALRU21DA,ALRU,1,21,down,7,8/27/19,0.46810433,0.49686357,0.526925078
5,ALRU21DA,ALRU,1,21,down,14,9/3/19,0.297286143,0.315747125,0.334925125
6,ALRU21DA,ALRU,1,21,down,21,9/10/19,0.267591391,0.283904915,0.301044831
7,ALRU21DA,ALRU,1,21,down,36,9/25/19,0.167697156,0.177964444,0.188860242
8,ALRU21DA,ALRU,1,21,down,55,10/14/19,0.060880332,0.064818754,0.069083887
9,ALRU21DA,ALRU,1,21,down,71,10/30/19,0.004468428,0.010421002,0.016834667
11,ALRU21DB,ALRU,2,21,down,0,8/20/19,0.161190114,0.171132981,0.181850707
12,ALRU21DB,ALRU,2,21,down,3,8/23/19,0.152302522,0.16174362,0.171632754
13,ALRU21DB,ALRU,2,21,down,7,8/27/19,0.077039943,0.082256338,0.087783717
14,ALRU21DB,ALRU,2,21,down,14,9/3/19,0.050776536,0.054492403,0.05849287
15,ALRU21DB,ALRU,2,21,down,21,9/10/19,0.03326274,0.036064432,0.039122949
16,ALRU21DB,ALRU,2,21,down,36,9/25/19,0.007668672,0.009383491,0.011255497
17,ALRU21DB,ALRU,2,21,down,55,10/14/19,-0.001657393,-0.000297271,0.001078566
19,ALRU21DC,ALRU,3,21,down,0,8/20/19,0.186765507,0.198152356,0.210352085
20,ALRU21DC,ALRU,3,21,down,3,8/23/19,0.143665681,0.15253543,0.161783982
21,ALRU21DC,ALRU,3,21,down,7,8/27/19,0.067367104,0.071904496,0.076738863
22,ALRU21DC,ALRU,3,21,down,14,9/3/19,0.039908508,0.044089226,0.04856628
23,ALRU21DC,ALRU,3,21,down,21,9/10/19,0.016887407,0.019064716,0.021594251
24,ALRU21DC,ALRU,3,21,down,36,9/25/19,0.002486763,0.004092485,0.005787911
26,ALRU21DD,ALRU,4,21,down,0,8/20/19,0.20601671,0.219019961,0.232784006
27,ALRU21DD,ALRU,4,21,down,3,8/23/19,0.167939651,0.178573709,0.18988179
28,ALRU21DD,ALRU,4,21,down,7,8/27/19,0.103547498,0.110315584,0.117440971
29,ALRU21DD,ALRU,4,21,down,14,9/3/19,0.048745529,0.053239274,0.058062361
30,ALRU21DD,ALRU,4,21,down,21,9/10/19,0.019106947,0.021457128,0.024055147
31,ALRU21DD,ALRU,4,21,down,36,9/25/19,0.006399802,0.007999294,0.009726817
32,ALRU21DD,ALRU,4,21,down,56,10/15/19,-0.006067888,-0.004377567,-0.002451923
34,GLSE21DA,GLSE,1,21,down,0,9/3/19,0.186388321,0.194465887,0.203002513
35,GLSE21DA,GLSE,1,21,down,3,9/6/19,0.139512891,0.14591679,0.152836705
36,GLSE21DA,GLSE,1,21,down,7,9/10/19,0.146845202,0.153353737,0.160296494
37,GLSE21DA,GLSE,1,21,down,14,9/17/19,0.136452281,0.142279082,0.14845066
38,GLSE21DA,GLSE,1,21,down,22,9/25/19,0.120453544,0.125922705,0.131668628
39,GLSE21DA,GLSE,1,21,down,41,10/14/19,0.051336494,0.054123574,0.057071094
40,GLSE21DA,GLSE,1,21,down,57,10/30/19,-0.008618657,-0.001005485,0.007102907
42,GLSE21DB,GLSE,2,21,down,0,9/3/19,0.002665143,0.005228845,0.008066751
43,GLSE21DB,GLSE,2,21,down,3,9/6/19,0.004605974,0.007842267,0.011555599
44,GLSE21DB,GLSE,2,21,down,7,9/10/19,-6.56E-05,0.002355681,0.005126546
46,GLSE21DC,GLSE,3,21,down,0,9/3/19,0.044224815,0.047624921,0.051323161
47,GLSE21DC,GLSE,3,21,down,3,9/6/19,0.023825671,0.027198601,0.031086939
48,GLSE21DC,GLSE,3,21,down,7,9/10/19,0.00853604,0.010905077,0.013726365
49,GLSE21DC,GLSE,3,21,down,14,9/17/19,-0.000309792,0.001666216,0.003764173
51,GLSE21DD,GLSE,4,21,down,0,10/25/19,0.107254947,0.11661205,0.128072743
52,GLSE21DD,GLSE,4,21,down,3,10/28/19,0.075947772,0.08565809,0.096971603
53,GLSE21DD,GLSE,4,21,down,7,11/1/19,0.083274966,0.087757509,0.092578438
54,GLSE21DD,GLSE,4,21,down,13,11/7/19,0.040947261,0.043874065,0.047041893
55,GLSE21DD,GLSE,4,21,down,21,11/15/19,0.025589175,0.02835341,0.031226548
56,GLSE21DD,GLSE,4,21,down,32,11/26/19,0.019746001,0.025637389,0.03191603
58,MOCE21DA,MOCE,1,21,down,0,8/20/19,0.750730415,0.794724487,0.840953708
59,MOCE21DA,MOCE,1,21,down,3,8/23/19,0.71944538,0.761276915,0.804862619
60,MOCE21DA,MOCE,1,21,down,7,8/27/19,0.439180341,0.465404972,0.492624605
61,MOCE21DA,MOCE,1,21,down,14,9/3/19,0.384222234,0.407272919,0.431290224
62,MOCE21DA,MOCE,1,21,down,22,9/11/19,0.241454433,0.255453318,0.270260647
63,MOCE21DA,MOCE,1,21,down,36,9/25/19,0.161790785,0.171467201,0.181563242
64,MOCE21DA,MOCE,1,21,down,56,10/15/19,0.118039697,0.125278757,0.13271677
65,MOCE21DA,MOCE,1,21,down,71,10/30/19,0.03842129,0.047434738,0.056806739
66,MOCE21DA,MOCE,1,21,down,82,11/10/19,0.006917735,0.0088999,0.011062647
68,MOCE21DB,MOCE,2,21,down,0,8/20/19,0.773203788,0.818595581,0.866253285
69,MOCE21DB,MOCE,2,21,down,3,8/23/19,0.820593167,0.869573669,0.920832971
70,MOCE21DB,MOCE,2,21,down,7,8/27/19,0.725357392,0.767907602,0.811420174
71,MOCE21DB,MOCE,2,21,down,14,9/3/19,0.562895055,0.596030262,0.630704251
72,MOCE21DB,MOCE,2,21,down,22,9/11/19,0.408685908,0.432486924,0.457243011
73,MOCE21DB,MOCE,2,21,down,36,9/25/19,0.15021311,0.159108444,0.168357681
74,MOCE21DB,MOCE,2,21,down,56,10/15/19,0.052080042,0.055867705,0.060169887
75,MOCE21DB,MOCE,2,21,down,71,10/30/19,0.011351899,0.017796026,0.024769272
77,MOCE21DC,MOCE,3,21,down,0,8/20/19,1.589492709,1.682749607,1.780254275
78,MOCE21DC,MOCE,3,21,down,3,8/23/19,1.450126368,1.534497699,1.623220325
79,MOCE21DC,MOCE,3,21,down,7,8/27/19,1.319313925,1.397896227,1.478739613
80,MOCE21DC,MOCE,3,21,down,14,9/3/19,0.933843457,0.988071573,1.043699253
81,MOCE21DC,MOCE,3,21,down,22,9/11/19,0.640030053,0.677358014,0.716389438
82,MOCE21DC,MOCE,3,21,down,36,9/25/19,0.430025141,0.45529868,0.481065668
83,MOCE21DC,MOCE,3,21,down,56,10/15/19,0.246544987,0.260685052,0.275599209
84,MOCE21DC,MOCE,3,21,down,71,10/30/19,0.141995659,0.150492406,0.159370494
85,MOCE21DC,MOCE,3,21,down,82,11/10/19,0.06703967,0.071460736,0.075994477
86,MOCE21DC,MOCE,3,21,down,98,11/26/19,-0.000641426,0.001935914,0.005235463
88,MOCE21DD,MOCE,4,21,down,0,8/20/19,0.724147916,0.766495294,0.811157423
89,MOCE21DD,MOCE,4,21,down,3,8/23/19,0.65607391,0.694395223,0.734593428
90,MOCE21DD,MOCE,4,21,down,7,8/27/19,0.572779788,0.605628585,0.639787947
91,MOCE21DD,MOCE,4,21,down,14,9/3/19,0.311477304,0.33109454,0.351933233
92,MOCE21DD,MOCE,4,21,down,22,9/11/19,0.27786172,0.294322465,0.311366445
93,MOCE21DD,MOCE,4,21,down,36,9/25/19,0.165428588,0.175255781,0.185531815
94,MOCE21DD,MOCE,4,21,down,56,10/15/19,0.018037936,0.020437739,0.023480745
95,MOCE21DD,MOCE,4,21,down,71,10/30/19,0.005528626,0.00798986,0.010813106
97,ROPS21DA,ROPS,1,21,down,0,9/3/19,0.713115996,0.738447006,0.763667322
98,ROPS21DA,ROPS,1,21,down,3,9/6/19,0.527422013,0.54642305,0.565802314
99,ROPS21DA,ROPS,1,21,down,7,9/10/19,0.4520192,0.468145553,0.484636458
100,ROPS21DA,ROPS,1,21,down,14,9/17/19,0.260071847,0.269391793,0.279072407
101,ROPS21DA,ROPS,1,21,down,21,9/24/19,0.158582335,0.164590899,0.170752789
102,ROPS21DA,ROPS,1,21,down,41,10/14/19,0.061915762,0.068721638,0.075838825
103,ROPS21DA,ROPS,1,21,down,56,10/29/19,0.0127242,0.021066505,0.031208394
104,ROPS21DA,ROPS,1,21,down,68,11/10/19,0.019376099,0.02185484,0.02466932
106,ROPS21DB,ROPS,2,21,down,0,9/3/19,0.972926484,1.008001445,1.044109584
107,ROPS21DB,ROPS,2,21,down,3,9/6/19,1.080529949,1.118913297,1.157802838
108,ROPS21DB,ROPS,2,21,down,7,9/10/19,1.210979101,1.254400106,1.298415626
109,ROPS21DB,ROPS,2,21,down,14,9/17/19,1.271178142,1.316713911,1.363511265
110,ROPS21DB,ROPS,2,21,down,21,9/24/19,1.17143528,1.212160747,1.254351902
111,ROPS21DB,ROPS,2,21,down,41,10/14/19,0.842341994,0.871948279,0.902476718
112,ROPS21DB,ROPS,2,21,down,56,10/29/19,0.038776189,0.047006414,0.057128597
113,ROPS21DB,ROPS,2,21,down,68,11/10/19,0.019874729,0.022193573,0.024883093
115,ROPS21DC,ROPS,3,21,down,0,9/3/19,0.936307909,0.969419462,1.002999037
116,ROPS21DC,ROPS,3,21,down,3,9/6/19,0.891395705,0.923766008,0.956374145
117,ROPS21DC,ROPS,3,21,down,7,9/10/19,0.908014883,0.939571571,0.972275354
118,ROPS21DC,ROPS,3,21,down,14,9/17/19,0.77772961,0.805023814,0.833200519
119,ROPS21DC,ROPS,3,21,down,21,9/24/19,0.691102984,0.716033897,0.742004116
120,ROPS21DC,ROPS,3,21,down,41,10/14/19,0.350405304,0.364336235,0.378761371
121,ROPS21DC,ROPS,3,21,down,56,10/29/19,0.047064767,0.053985327,0.061203329
122,ROPS21DC,ROPS,3,21,down,68,11/10/19,0.007771488,0.010129496,0.012867455
124,ROPS21DD,ROPS,4,21,down,0,9/3/19,0.550884678,0.570281209,0.590401749
125,ROPS21DD,ROPS,4,21,down,3,9/6/19,0.489581943,0.507142189,0.524873526
126,ROPS21DD,ROPS,4,21,down,7,9/10/19,0.471937606,0.488803463,0.506443996
127,ROPS21DD,ROPS,4,21,down,14,9/17/19,0.261277499,0.270878002,0.280428629
128,ROPS21DD,ROPS,4,21,down,22,9/25/19,0.071568551,0.074892097,0.078389887
129,ROPS21DD,ROPS,4,21,down,41,10/14/19,0.042909774,0.045197891,0.047564229
130,ROPS21DD,ROPS,4,21,down,57,10/30/19,-0.005387921,0.00230984,0.010474197
133,GLSE21UA,GLSE,1,21,up,0,6/4/19,0.000223529,0.00275074,0.005693781
134,GLSE21UA,GLSE,1,21,up,22,6/26/19,0.00342779,0.006614811,0.010445904
135,GLSE21UA,GLSE,1,21,up,28,7/2/19,-0.004859696,-0.002881724,-0.000869445
136,GLSE21UA,GLSE,1,21,up,35,7/9/19,-0.00581563,-0.003827007,-0.001772353
137,GLSE21UA,GLSE,1,21,up,43,7/17/19,-0.002210829,-0.000273464,0.001833606
138,GLSE21UA,GLSE,1,21,up,49,7/23/19,-0.001031315,0.001277735,0.003761135
139,GLSE21UA,GLSE,1,21,up,56,7/30/19,0.002802411,0.005785768,0.009198525
140,GLSE21UA,GLSE,1,21,up,63,8/6/19,0.001710233,0.004462816,0.007943284
141,GLSE21UA,GLSE,1,21,up,70,8/13/19,0.005921556,0.009279985,0.012966336
142,GLSE21UA,GLSE,1,21,up,77,8/21/19,0.00959117,0.011652873,0.013908075
143,GLSE21UA,GLSE,1,21,up,86,8/30/19,0.017287251,0.019734411,0.022361225
144,GLSE21UA,GLSE,1,21,up,99,9/12/19,0.011611553,0.013766465,0.015973937
152,GLSE21UB,GLSE,2,21,up,0,6/4/19,-0.000140775,0.002522357,0.005611488
153,GLSE21UB,GLSE,2,21,up,22,6/26/19,-0.001290273,0.001607247,0.005219525
154,GLSE21UB,GLSE,2,21,up,28,7/2/19,0.000371292,0.002597205,0.004940052
155,GLSE21UB,GLSE,2,21,up,35,7/9/19,-0.004481457,-0.002339986,-0.000163681
156,GLSE21UB,GLSE,2,21,up,45,7/19/19,-0.003881632,-0.001958795,5.28E-05
157,GLSE21UB,GLSE,2,21,up,52,7/26/19,-0.000738391,0.001583779,0.004096741
158,GLSE21UB,GLSE,2,21,up,63,8/6/19,-0.000459163,0.002125309,0.005395983
159,GLSE21UB,GLSE,2,21,up,70,8/13/19,-0.001481019,0.000525811,0.002619539
160,GLSE21UB,GLSE,2,21,up,78,8/21/19,-0.003565842,-0.001534153,0.000510844
161,GLSE21UB,GLSE,2,21,up,94,9/6/19,-0.003524523,-0.000921621,0.001979766
162,GLSE21UB,GLSE,2,21,up,108,9/20/19,-0.00153371,0.000485159,0.002568781
163,GLSE21UB,GLSE,2,21,up,139,10/21/19,0.027683543,0.029913792,0.032324011
164,GLSE21UB,GLSE,2,21,up,151,11/2/19,0.016131162,0.018181382,0.020358096
165,GLSE21UB,GLSE,2,21,up,161,11/12/19,0.01807096,0.020536465,0.023358372
169,GLSE21UC,GLSE,3,21,up,0,6/4/19,0.001128151,0.003612831,0.006501806
170,GLSE21UC,GLSE,3,21,up,23,6/27/19,-0.000589671,0.002179646,0.005223317
171,GLSE21UC,GLSE,3,21,up,28,7/2/19,-0.00017703,0.001769864,0.003775184
172,GLSE21UC,GLSE,3,21,up,35,7/9/19,-0.000670495,0.001392883,0.003479216
173,GLSE21UC,GLSE,3,21,up,45,7/19/19,-0.001260688,0.000791181,0.003037051
174,GLSE21UC,GLSE,3,21,up,52,7/26/19,-0.001107883,0.001306738,0.003911896
175,GLSE21UC,GLSE,3,21,up,63,8/6/19,-0.00111305,0.000948521,0.003273362
176,GLSE21UC,GLSE,3,21,up,70,8/13/19,-0.001828536,0.00014488,0.002230091
177,GLSE21UC,GLSE,3,21,up,78,8/21/19,-0.000273842,0.001636753,0.003650675
178,GLSE21UC,GLSE,3,21,up,94,9/6/19,0.009249089,0.011905733,0.014946251
179,GLSE21UC,GLSE,3,21,up,108,9/20/19,0.03597798,0.038422599,0.041054212
180,GLSE21UC,GLSE,3,21,up,139,10/21/19,0.056937616,0.060439371,0.064671654
185,MOCE21UA,MOCE,1,21,up,0,5/7/19,-0.002173253,-0.000604401,0.001148756
186,MOCE21UA,MOCE,1,21,up,8,5/15/19,-0.00681182,-0.003020127,0.000710555
188,MOCE21UA,MOCE,1,21,up,28,6/4/19,-0.002634011,-0.00033209,0.002242945
189,MOCE21UA,MOCE,1,21,up,51,6/27/19,-0.000653469,0.001985708,0.005268373
190,MOCE21UA,MOCE,1,21,up,57,7/3/19,-0.001821695,-0.000311091,0.00129698
191,MOCE21UA,MOCE,1,21,up,63,7/9/19,-0.001997941,-0.000157853,0.00178015
192,MOCE21UA,MOCE,1,21,up,71,7/17/19,0.00021233,0.002184001,0.004389237
193,MOCE21UA,MOCE,1,21,up,77,7/23/19,0.000673181,0.002591553,0.004688046
194,MOCE21UA,MOCE,1,21,up,84,7/30/19,-0.00294219,-0.000901188,0.00149404
195,MOCE21UA,MOCE,1,21,up,91,8/6/19,-0.003360589,-0.001463761,0.000684392
196,MOCE21UA,MOCE,1,21,up,97,8/12/19,-0.000352249,0.002000307,0.004602857
197,MOCE21UA,MOCE,1,21,up,106,8/21/19,-0.009153762,-0.007222571,-0.005220914
198,MOCE21UA,MOCE,1,21,up,115,8/30/19,-0.003810415,-0.001676269,0.000619562
199,MOCE21UA,MOCE,1,21,up,127,9/11/19,0.030477967,0.032946857,0.035576068
200,MOCE21UA,MOCE,1,21,up,136,9/20/19,0.120622584,0.127819561,0.135232336
201,MOCE21UA,MOCE,1,21,up,163,10/17/19,0.736442983,0.778853564,0.823532366
202,MOCE21UA,MOCE,1,21,up,178,11/1/19,0.858204771,0.908696308,0.961905211
203,MOCE21UA,MOCE,1,21,up,187,11/10/19,0.908559759,0.961333556,1.015604895
205,MOCE21UB,MOCE,2,21,up,0,5/7/19,-0.000218003,0.001489821,0.003330998
207,MOCE21UB,MOCE,2,21,up,28,6/4/19,0.000487565,0.002692902,0.005271627
208,MOCE21UB,MOCE,2,21,up,51,6/27/19,-0.001373766,0.001494229,0.004950157
209,MOCE21UB,MOCE,2,21,up,57,7/3/19,-0.002632946,-0.000992097,0.000659767
210,MOCE21UB,MOCE,2,21,up,64,7/10/19,-0.006778974,-0.004905267,-0.002935704
211,MOCE21UB,MOCE,2,21,up,71,7/17/19,-0.000307989,0.001781509,0.004116287
212,MOCE21UB,MOCE,2,21,up,77,7/23/19,0.014057734,0.016139534,0.018469128
213,MOCE21UB,MOCE,2,21,up,85,7/31/19,0.062565407,0.066926646,0.071629627
214,MOCE21UB,MOCE,2,21,up,91,8/6/19,0.178589629,0.189319069,0.200605332
215,MOCE21UB,MOCE,2,21,up,97,8/12/19,0.319124017,0.338057305,0.357855722
216,MOCE21UB,MOCE,2,21,up,106,8/21/19,0.538799783,0.57012781,0.602556037
217,MOCE21UB,MOCE,2,21,up,115,8/30/19,0.624182135,0.661128522,0.699174104
218,MOCE21UB,MOCE,2,21,up,127,9/11/19,0.658018846,0.696357379,0.735808759
219,MOCE21UB,MOCE,2,21,up,137,9/21/19,0.577459958,0.611016554,0.645923967
220,MOCE21UB,MOCE,2,21,up,163,10/17/19,0.5976286,0.631982698,0.667904113
222,MOCE21UC,MOCE,3,21,up,0,5/7/19,-0.002489092,-0.000818815,0.00093326
224,MOCE21UC,MOCE,3,21,up,28,6/4/19,-0.003623035,-0.00146665,0.0010459
225,MOCE21UC,MOCE,3,21,up,52,6/28/19,-7.89E-05,0.002240632,0.004840528
226,MOCE21UC,MOCE,3,21,up,57,7/3/19,-0.000963704,0.00068288,0.002408117
227,MOCE21UC,MOCE,3,21,up,64,7/10/19,-0.000854053,0.001087371,0.003194662
228,MOCE21UC,MOCE,3,21,up,71,7/17/19,-0.001684618,0.000311345,0.00254314
229,MOCE21UC,MOCE,3,21,up,77,7/23/19,0.000319751,0.002186879,0.004156929
230,MOCE21UC,MOCE,3,21,up,85,7/31/19,-0.002591459,-0.000700994,0.001332634
231,MOCE21UC,MOCE,3,21,up,94,8/9/19,-0.003206033,-0.000831334,0.00177744
232,MOCE21UC,MOCE,3,21,up,104,8/19/19,0.003817781,0.005568706,0.007433882
233,MOCE21UC,MOCE,3,21,up,113,8/28/19,0.001438207,0.00548429,0.009599526
234,MOCE21UC,MOCE,3,21,up,127,9/11/19,0.009480396,0.011292312,0.013170256
235,MOCE21UC,MOCE,3,21,up,137,9/21/19,0.012005492,0.013982488,0.016112938
236,MOCE21UC,MOCE,3,21,up,163,10/17/19,0.055646504,0.060164951,0.064820948
237,MOCE21UC,MOCE,3,21,up,179,11/2/19,0.027551039,0.029917876,0.032396219
238,MOCE21UC,MOCE,3,21,up,189,11/12/19,0.029333068,0.032125089,0.035366879
239,MOCE21UC,MOCE,3,21,up,203,11/26/19,0.032798464,0.038134345,0.043948089
241,MOCE21UD,MOCE,4,21,up,0,5/7/19,-0.003114412,-0.001463716,0.000238509
243,MOCE21UD,MOCE,4,21,up,28,6/4/19,-0.001459227,0.00071646,0.003320165
244,MOCE21UD,MOCE,4,21,up,52,6/28/19,0.002402832,0.004960272,0.007778144
245,MOCE21UD,MOCE,4,21,up,57,7/3/19,0.001335396,0.003175895,0.005007948
246,MOCE21UD,MOCE,4,21,up,64,7/10/19,-0.002621263,-0.000758107,0.00116139
247,MOCE21UD,MOCE,4,21,up,73,7/19/19,-0.002693066,-0.000927808,0.000984157
248,MOCE21UD,MOCE,4,21,up,80,7/26/19,-0.002544189,-0.000484049,0.001747025
249,MOCE21UD,MOCE,4,21,up,94,8/9/19,-0.002446145,0.000116151,0.002973016
250,MOCE21UD,MOCE,4,21,up,104,8/19/19,-0.002753261,-0.001064989,0.000721939
251,MOCE21UD,MOCE,4,21,up,113,8/28/19,-0.003288853,-0.001532608,0.00027496
252,MOCE21UD,MOCE,4,21,up,127,9/11/19,-0.001576275,0.000384667,0.002580255
253,MOCE21UD,MOCE,4,21,up,137,9/21/19,-0.001299044,0.000499874,0.002326659
254,MOCE21UD,MOCE,4,21,up,163,10/17/19,-0.004670971,-0.001854939,0.001042943
255,MOCE21UD,MOCE,4,21,up,179,11/2/19,0.019475336,0.026645099,0.034136036
256,MOCE21UD,MOCE,4,21,up,189,11/12/19,0.124221114,0.131879013,0.139864783
257,MOCE21UD,MOCE,4,21,up,203,11/26/19,0.466001841,0.494035915,0.523288926
287,ROPS21UA,ROPS,2,21,up,0,5/7/19,-0.004509939,-0.002536321,-0.00050104
288,ROPS21UA,ROPS,2,21,up,7,5/14/19,-0.001372097,0.000479529,0.00241696
290,ROPS21UA,ROPS,2,21,up,27,6/3/19,0.103671343,0.108002115,0.112434656
291,ROPS21UA,ROPS,2,21,up,49,6/25/19,0.346577679,0.359230011,0.371996318
292,ROPS21UA,ROPS,2,21,up,56,7/2/19,0.42791393,0.443245266,0.459066033
293,ROPS21UA,ROPS,2,21,up,63,7/9/19,0.470036696,0.487165734,0.504670387
294,ROPS21UA,ROPS,2,21,up,70,7/16/19,0.625517105,0.64818435,0.671372532
295,ROPS21UA,ROPS,2,21,up,77,7/23/19,0.621769411,0.644410065,0.667772773
296,ROPS21UA,ROPS,2,21,up,84,7/30/19,0.654315131,0.678083497,0.702679455
297,ROPS21UA,ROPS,2,21,up,90,8/5/19,0.524912154,0.544177972,0.563924121
298,ROPS21UA,ROPS,2,21,up,108,8/23/19,0.503377376,0.52147081,0.540056934
300,ROPS21UB,ROPS,3,21,up,0,5/7/19,-0.000873781,0.000862016,0.002746937
301,ROPS21UB,ROPS,3,21,up,7,5/14/19,-0.00141439,0.000284915,0.002132272
303,ROPS21UB,ROPS,3,21,up,27,6/3/19,0.024904308,0.027073288,0.029359571
304,ROPS21UB,ROPS,3,21,up,49,6/25/19,0.300015311,0.310943725,0.322289773
305,ROPS21UB,ROPS,3,21,up,56,7/2/19,0.345209096,0.357808456,0.370781928
306,ROPS21UB,ROPS,3,21,up,63,7/9/19,0.296210173,0.307030275,0.318145635
307,ROPS21UB,ROPS,3,21,up,70,7/16/19,0.334845739,0.347043245,0.359744618
308,ROPS21UB,ROPS,3,21,up,77,7/23/19,0.289821891,0.300568362,0.311471977
320,ROPS21UC,ROPS,5,21,up,0,8/9/19,-0.004380911,-0.002177276,6.14E-05
321,ROPS21UC,ROPS,5,21,up,10,8/19/19,-0.000777741,0.001141693,0.003214188
322,ROPS21UC,ROPS,5,21,up,19,8/28/19,0.029407234,0.033640779,0.03799158
323,ROPS21UC,ROPS,5,21,up,31,9/9/19,0.232942131,0.241759904,0.250976322
324,ROPS21UC,ROPS,5,21,up,42,9/20/19,0.340720038,0.35296652,0.365750091
325,ROPS21UC,ROPS,5,21,up,69,10/17/19,0.469378839,0.486311444,0.503498752
326,ROPS21UC,ROPS,5,21,up,84,11/1/19,0.453168512,0.469546413,0.486118336
328,ALRU31DA,ALRU,1,31,down,0,10/23/18,0.702802266,0.747505124,0.794694807
329,ALRU31DA,ALRU,1,31,down,3,10/26/18,0.399958122,0.426580654,0.454508585
330,ALRU31DA,ALRU,1,31,down,7,10/30/18,0.370260036,0.39294297,0.416833471
331,ALRU31DA,ALRU,1,31,down,14,11/6/18,0.139529291,0.148263354,0.157642581
332,ALRU31DA,ALRU,1,31,down,21,11/13/18,0.053449055,0.057802544,0.062306044
333,ALRU31DA,ALRU,1,31,down,28,11/20/18,0.011991382,0.014087334,0.016291971
334,ALRU31DA,ALRU,1,31,down,35,11/27/18,-0.002663931,-0.001062289,0.000559226
335,ALRU31DA,ALRU,1,31,down,42,12/4/18,-0.001561536,0.000271221,0.002082265
337,ALRU31DB,ALRU,2,31,down,0,3/22/18,0.498063908,0.529694041,0.563709128
338,ALRU31DB,ALRU,2,31,down,3,3/25/18,0.459068203,0.48815592,0.518531623
339,ALRU31DB,ALRU,2,31,down,7,3/29/18,0.345658153,0.367650346,0.390689378
340,ALRU31DB,ALRU,2,31,down,18,4/9/18,0.075442257,0.081385784,0.087797519
341,ALRU31DB,ALRU,2,31,down,21,4/12/18,0.059329072,0.063578964,0.068075076
342,ALRU31DB,ALRU,2,31,down,28,4/19/18,0.020672757,0.022321049,0.024075779
343,ALRU31DB,ALRU,2,31,down,35,4/26/18,0.012213137,0.013723966,0.01545539
344,ALRU31DB,ALRU,2,31,down,42,5/3/18,0.0063325,0.008475512,0.010665692
345,ALRU31DB,ALRU,2,31,down,50,5/11/18,0.006363538,0.007381962,0.008553554
347,ALRU31DC,ALRU,3,31,down,0,3/22/18,0.396749804,0.422011057,0.448720821
348,ALRU31DC,ALRU,3,31,down,3,3/25/18,0.359294526,0.382495016,0.406975518
349,ALRU31DC,ALRU,3,31,down,7,3/29/18,0.30124802,0.320564179,0.340959819
350,ALRU31DC,ALRU,3,31,down,18,4/9/18,0.064899712,0.069553766,0.074555943
351,ALRU31DC,ALRU,3,31,down,21,4/12/18,0.062489685,0.066766245,0.07132224
352,ALRU31DC,ALRU,3,31,down,28,4/19/18,0.041794321,0.044680339,0.04774365
353,ALRU31DC,ALRU,3,31,down,35,4/26/18,0.021854865,0.023842213,0.025999013
354,ALRU31DC,ALRU,3,31,down,42,5/3/18,0.011561305,0.013415048,0.01534501
355,ALRU31DC,ALRU,3,31,down,50,5/11/18,0.003294236,0.004782334,0.006362806
357,ALRU31DD,ALRU,4,31,down,0,3/22/18,0.424705181,0.451755238,0.479974842
358,ALRU31DD,ALRU,4,31,down,3,3/25/18,0.377721748,0.401288303,0.426555896
359,ALRU31DD,ALRU,4,31,down,7,3/29/18,0.316273432,0.336108865,0.357196522
360,ALRU31DD,ALRU,4,31,down,18,4/9/18,0.125709448,0.13401886,0.142724105
361,ALRU31DD,ALRU,4,31,down,21,4/12/18,0.093732403,0.099786613,0.106100905
362,ALRU31DD,ALRU,4,31,down,28,4/19/18,0.052646816,0.056991582,0.061600021
363,ALRU31DD,ALRU,4,31,down,35,4/26/18,0.023800863,0.02579714,0.027914298
364,ALRU31DD,ALRU,4,31,down,42,5/3/18,0.013027647,0.015052595,0.017168003
365,ALRU31DD,ALRU,4,31,down,50,5/11/18,0.002369186,0.003688125,0.005137704
367,GLSE31DA,GLSE,1,31,down,0,10/21/18,0.55405856,0.573459609,0.593752814
368,GLSE31DA,GLSE,1,31,down,3,10/24/18,0.41504949,0.430730843,0.446773046
369,GLSE31DA,GLSE,1,31,down,7,10/28/18,0.30482526,0.315585835,0.326600819
370,GLSE31DA,GLSE,1,31,down,14,11/4/18,0.1170217,0.123704535,0.130630098
371,GLSE31DA,GLSE,1,31,down,21,11/11/18,0.087883985,0.09283822,0.097844798
372,GLSE31DA,GLSE,1,31,down,28,11/18/18,0.08529913,0.08960489,0.094045667
373,GLSE31DA,GLSE,1,31,down,35,11/25/18,0.079142908,0.082890933,0.086843873
374,GLSE31DA,GLSE,1,31,down,42,12/2/18,0.015754158,0.017886464,0.020237598
375,GLSE31DA,GLSE,1,31,down,49,12/9/18,0.00549557,0.012768944,0.020455307
377,GLSE31DB,GLSE,2,31,down,0,10/21/18,0.321026431,0.33284527,0.345136001
378,GLSE31DB,GLSE,2,31,down,3,10/24/18,0.136200146,0.141512235,0.146982267
379,GLSE31DB,GLSE,2,31,down,7,10/28/18,0.098850829,0.102874972,0.107157072
380,GLSE31DB,GLSE,2,31,down,14,11/4/18,0.075633735,0.080903357,0.086216003
381,GLSE31DB,GLSE,2,31,down,21,11/11/18,0.063236802,0.067447011,0.071854329
382,GLSE31DB,GLSE,2,31,down,28,11/18/18,0.08271558,0.08703816,0.091535183
383,GLSE31DB,GLSE,2,31,down,35,11/25/18,0.076011088,0.079526985,0.083211042
384,GLSE31DB,GLSE,2,31,down,42,12/2/18,0.013633934,0.016901476,0.020324067
385,GLSE31DB,GLSE,2,31,down,58,12/18/18,5.93E-05,0.003368103,0.00677337
387,GLSE31DC,GLSE,3,31,down,0,10/21/18,0.778230778,0.806913965,0.836602033
388,GLSE31DC,GLSE,3,31,down,3,10/24/18,0.480854363,0.498267642,0.516198033
389,GLSE31DC,GLSE,3,31,down,7,10/28/18,0.225179745,0.233568228,0.242195268
390,GLSE31DC,GLSE,3,31,down,14,11/4/18,0.187420872,0.195322897,0.203264589
391,GLSE31DC,GLSE,3,31,down,21,11/11/18,0.193178944,0.200932911,0.208840495
392,GLSE31DC,GLSE,3,31,down,28,11/18/18,0.124629799,0.129833948,0.13516359
393,GLSE31DC,GLSE,3,31,down,35,11/25/18,-0.001056308,0.001062183,0.003246961
394,GLSE31DC,GLSE,3,31,down,42,12/2/18,0.001547033,0.003877557,0.006478649
396,GLSE31DD,GLSE,4,31,down,0,10/21/18,0.355970142,0.369390729,0.383153774
397,GLSE31DD,GLSE,4,31,down,3,10/24/18,0.227634774,0.236343459,0.24530023
398,GLSE31DD,GLSE,4,31,down,7,10/28/18,0.203547546,0.210988885,0.218557385
399,GLSE31DD,GLSE,4,31,down,14,11/4/18,0.131695019,0.138697526,0.145987726
400,GLSE31DD,GLSE,4,31,down,21,11/11/18,0.190834109,0.200851168,0.211344506
401,GLSE31DD,GLSE,4,31,down,28,11/18/18,0.118069446,0.122965594,0.128166959
402,GLSE31DD,GLSE,4,31,down,35,11/25/18,0.061052878,0.064159795,0.067443134
403,GLSE31DD,GLSE,4,31,down,42,12/2/18,0.036575086,0.04089953,0.045418123
404,GLSE31DD,GLSE,4,31,down,49,12/9/18,0.045981115,0.05002643,0.054212402
405,GLSE31DD,GLSE,4,31,down,58,12/18/18,0.036921804,0.040570098,0.044326688
406,GLSE31DD,GLSE,4,31,down,77,1/6/19,0.023983514,0.027133205,0.030340491
407,GLSE31DD,GLSE,4,31,down,85,1/14/19,0.01547371,0.017599828,0.019836418
408,GLSE31DD,GLSE,4,31,down,92,1/21/19,0.00045067,0.006151448,0.011988874
410,MOCE31DA,MOCE,1,31,down,0,1/18/19,0.575000787,0.609408561,0.645879661
411,MOCE31DA,MOCE,1,31,down,3,1/21/19,0.548354141,0.581346538,0.6149846
412,MOCE31DA,MOCE,1,31,down,7,1/25/19,0.492469959,0.522069413,0.553045317
413,MOCE31DA,MOCE,1,31,down,14,2/1/19,0.269020203,0.285503341,0.303027419
414,MOCE31DA,MOCE,1,31,down,23,2/10/19,0.272788964,0.288857688,0.305759767
415,MOCE31DA,MOCE,1,31,down,28,2/15/19,0.292730998,0.31020446,0.328562676
416,MOCE31DA,MOCE,1,31,down,40,2/27/19,0.109161229,0.11596225,0.123102502
417,MOCE31DA,MOCE,1,31,down,50,3/9/19,0.060669908,0.064824314,0.069554178
418,MOCE31DA,MOCE,1,31,down,60,3/19/19,0.039211534,0.04201468,0.045004251
419,MOCE31DA,MOCE,1,31,down,74,4/2/19,0.027238057,0.029434002,0.031833965
420,MOCE31DA,MOCE,1,31,down,89,4/17/19,0.013519429,0.015111597,0.017109315
421,MOCE31DA,MOCE,1,31,down,116,5/14/19,0.005401824,0.007969068,0.010906488
423,MOCE31DB,MOCE,2,31,down,0,1/18/19,0.52158584,0.552373525,0.584771391
424,MOCE31DB,MOCE,2,31,down,3,1/21/19,0.36562663,0.388438052,0.411999765
425,MOCE31DB,MOCE,2,31,down,7,1/25/19,0.260618345,0.276949568,0.294294166
426,MOCE31DB,MOCE,2,31,down,14,2/1/19,0.158315757,0.168288674,0.178861638
427,MOCE31DB,MOCE,2,31,down,23,2/10/19,0.177217946,0.18796065,0.199207139
428,MOCE31DB,MOCE,2,31,down,28,2/15/19,0.195832549,0.207728051,0.220106622
429,MOCE31DB,MOCE,2,31,down,42,3/1/19,0.09239636,0.098094513,0.103975941
430,MOCE31DB,MOCE,2,31,down,50,3/9/19,0.098005168,0.104036402,0.110560461
431,MOCE31DB,MOCE,2,31,down,60,3/19/19,0.095514848,0.101455489,0.107587841
432,MOCE31DB,MOCE,2,31,down,74,4/2/19,0.073024,0.077605175,0.082492164
433,MOCE31DB,MOCE,2,31,down,89,4/17/19,0.040498418,0.043192079,0.046220776
434,MOCE31DB,MOCE,2,31,down,116,5/14/19,0.000658145,0.00294179,0.005244276
436,MOCE31DC,MOCE,3,31,down,0,1/18/19,0.234031648,0.247762157,0.261817063
437,MOCE31DC,MOCE,3,31,down,3,1/21/19,0.034915697,0.039388637,0.044174279
438,MOCE31DC,MOCE,3,31,down,7,1/25/19,0.091096353,0.097026046,0.103326519
439,MOCE31DC,MOCE,3,31,down,14,2/1/19,0.004564024,0.006297721,0.008142011
440,MOCE31DC,MOCE,3,31,down,23,2/10/19,0.009940747,0.011349524,0.013017358
441,MOCE31DC,MOCE,3,31,down,28,2/15/19,0.011218794,0.012909514,0.014764698
442,MOCE31DC,MOCE,3,31,down,42,3/1/19,0.001114108,0.002470381,0.004035579
444,MOCE31DD,MOCE,4,31,down,0,1/18/19,1.073964743,1.138329094,1.204789844
445,MOCE31DD,MOCE,4,31,down,3,1/21/19,0.868730371,0.920170729,0.974561724
446,MOCE31DD,MOCE,4,31,down,7,1/25/19,0.648216037,0.687758268,0.729057464
447,MOCE31DD,MOCE,4,31,down,14,2/1/19,0.497136722,0.527109878,0.558368872
448,MOCE31DD,MOCE,4,31,down,23,2/10/19,0.332064089,0.352627488,0.374518136
449,MOCE31DD,MOCE,4,31,down,28,2/15/19,0.330148218,0.349829306,0.370226676
450,MOCE31DD,MOCE,4,31,down,40,2/27/19,0.272785096,0.289025132,0.306315862
451,MOCE31DD,MOCE,4,31,down,50,3/9/19,0.233881261,0.248448281,0.263525207
452,MOCE31DD,MOCE,4,31,down,60,3/19/19,0.166371045,0.175974327,0.186103388
453,MOCE31DD,MOCE,4,31,down,74,4/2/19,0.085902595,0.091192201,0.096728728
454,MOCE31DD,MOCE,4,31,down,89,4/17/19,0.031032894,0.033444533,0.036086525
455,MOCE31DD,MOCE,4,31,down,116,5/14/19,-0.004974311,-0.002996163,-0.000627925
457,ROPS31DA,ROPS,1,31,down,0,10/23/18,0.420981094,0.437111965,0.453665921
458,ROPS31DA,ROPS,1,31,down,3,10/26/18,0.24705526,0.255966581,0.264999847
459,ROPS31DA,ROPS,1,31,down,7,10/30/18,0.164400401,0.170652275,0.177041825
460,ROPS31DA,ROPS,1,31,down,14,11/6/18,0.062738499,0.065759569,0.068872827
461,ROPS31DA,ROPS,1,31,down,21,11/13/18,0.028185396,0.031095252,0.034063586
462,ROPS31DA,ROPS,1,31,down,28,11/20/18,0.016576327,0.019886749,0.023246259
463,ROPS31DA,ROPS,1,31,down,35,11/27/18,0.030676809,0.032910059,0.035219594
464,ROPS31DA,ROPS,1,31,down,42,12/4/18,0.018229253,0.020343858,0.022566686
465,ROPS31DA,ROPS,1,31,down,47,12/9/18,0.019349367,0.022416989,0.025452824
466,ROPS31DA,ROPS,1,31,down,56,12/18/18,0.011131358,0.014403852,0.017782379
467,ROPS31DA,ROPS,1,31,down,77,1/8/19,-0.002428888,0.000367786,0.003276934
469,ROPS31DB,ROPS,2,31,down,0,10/21/18,0.445080907,0.461517848,0.478628173
470,ROPS31DB,ROPS,2,31,down,3,10/24/18,0.340921758,0.353373375,0.366151997
471,ROPS31DB,ROPS,2,31,down,7,10/28/18,0.40001087,0.414250001,0.428937147
472,ROPS31DB,ROPS,2,31,down,14,11/4/18,0.260214839,0.271606309,0.283257493
473,ROPS31DB,ROPS,2,31,down,21,11/11/18,0.186118236,0.193968871,0.201949013
474,ROPS31DB,ROPS,2,31,down,28,11/18/18,0.107247764,0.111585008,0.116086622
475,ROPS31DB,ROPS,2,31,down,35,11/25/18,0.105948798,0.110498346,0.11507982
476,ROPS31DB,ROPS,2,31,down,42,12/2/18,0.094922586,0.098838646,0.102914033
477,ROPS31DB,ROPS,2,31,down,49,12/9/18,0.045280551,0.04903345,0.052884157
478,ROPS31DB,ROPS,2,31,down,58,12/18/18,0.019047629,0.022574957,0.026166169
479,ROPS31DB,ROPS,2,31,down,77,1/6/19,-0.007213981,-0.003789714,-0.000316961
481,ROPS31DC,ROPS,3,31,down,0,10/23/18,0.418775454,0.434884071,0.451709155
482,ROPS31DC,ROPS,3,31,down,3,10/26/18,0.344003655,0.356405654,0.369552273
483,ROPS31DC,ROPS,3,31,down,7,10/30/18,0.187740064,0.194772545,0.201896186
484,ROPS31DC,ROPS,3,31,down,14,11/6/18,0.052938457,0.055639218,0.058428248
485,ROPS31DC,ROPS,3,31,down,21,11/13/18,0.010433346,0.012776378,0.015167571
486,ROPS31DC,ROPS,3,31,down,28,11/20/18,0.002090854,0.004936152,0.007826809
487,ROPS31DC,ROPS,3,31,down,35,11/27/18,0.002577571,0.004671815,0.00681587
488,ROPS31DC,ROPS,3,31,down,42,12/4/18,0.000305879,0.002603961,0.004942431
490,ROPS31DD,ROPS,4,31,down,0,10/23/18,0.56510398,0.586328939,0.608085422
491,ROPS31DD,ROPS,4,31,down,3,10/26/18,0.396745519,0.410886397,0.425274049
492,ROPS31DD,ROPS,4,31,down,7,10/30/18,0.308931509,0.320231992,0.331723744
493,ROPS31DD,ROPS,4,31,down,14,11/6/18,0.223471376,0.231674744,0.240159472
494,ROPS31DD,ROPS,4,31,down,21,11/13/18,0.124647363,0.129888628,0.135211178
495,ROPS31DD,ROPS,4,31,down,28,11/20/18,0.089476533,0.093824787,0.098415825
496,ROPS31DD,ROPS,4,31,down,35,11/27/18,0.10496133,0.109176409,0.113634796
497,ROPS31DD,ROPS,4,31,down,42,12/4/18,0.103018273,0.107294038,0.111723955
498,ROPS31DD,ROPS,4,31,down,47,12/9/18,0.121185013,0.12697969,0.132895397
499,ROPS31DD,ROPS,4,31,down,56,12/18/18,0.167339659,0.17425104,0.181487913
500,ROPS31DD,ROPS,4,31,down,77,1/8/19,0.021713743,0.024474151,0.027332009
501,ROPS31DD,ROPS,4,31,down,84,1/15/19,0.002481722,0.005971866,0.009567934
503,ALRU31UA,ALRU,1,31,up,0,9/11/18,-4.95E-05,0.001544494,0.003157477
504,ALRU31UA,ALRU,1,31,up,7,9/18/18,-0.001342579,0.000105549,0.001580896
505,ALRU31UA,ALRU,1,31,up,14,9/25/18,-0.001366301,0.00028948,0.002054421
506,ALRU31UA,ALRU,1,31,up,28,10/9/18,0.001161411,0.00288599,0.004632049
507,ALRU31UA,ALRU,1,31,up,35,10/16/18,0.000309443,0.001856497,0.003478029
508,ALRU31UA,ALRU,1,31,up,42,10/23/18,0.001561917,0.003242257,0.004972084
509,ALRU31UA,ALRU,1,31,up,49,10/30/18,0.001183292,0.002611199,0.004078073
510,ALRU31UA,ALRU,1,31,up,56,11/6/18,0.001525346,0.003071951,0.004689701
511,ALRU31UA,ALRU,1,31,up,63,11/13/18,0.00020587,0.001726228,0.003280054
512,ALRU31UA,ALRU,1,31,up,70,11/20/18,-0.000162171,0.001670252,0.00353728
513,ALRU31UA,ALRU,1,31,up,77,11/27/18,-0.013358799,-0.011494283,-0.009587024
514,ALRU31UA,ALRU,1,31,up,84,12/4/18,-0.000764687,0.001086094,0.002933921
515,ALRU31UA,ALRU,1,31,up,97,12/17/18,0.002141694,0.003750289,0.005470601
516,ALRU31UA,ALRU,1,31,up,118,1/7/19,0.027291415,0.030176206,0.033195625
517,ALRU31UA,ALRU,1,31,up,126,1/15/19,0.060783311,0.065796408,0.071018992
518,ALRU31UA,ALRU,1,31,up,139,1/28/19,0.111560955,0.119081691,0.127010673
519,ALRU31UA,ALRU,1,31,up,146,2/4/19,0.195751814,0.208372606,0.22190109
520,ALRU31UA,ALRU,1,31,up,153,2/11/19,0.302117793,0.320868829,0.340348117
521,ALRU31UA,ALRU,1,31,up,167,2/25/19,0.530646914,0.563813321,0.598680503
522,ALRU31UA,ALRU,1,31,up,175,3/5/19,0.673851612,0.715830718,0.760784724
525,ALRU31UB,ALRU,2,31,up,0,3/22/18,-0.002848047,-0.001212191,0.000574566
526,ALRU31UB,ALRU,2,31,up,3,3/25/18,0.000794402,0.002657027,0.004901172
527,ALRU31UB,ALRU,2,31,up,7,3/29/18,-0.000349582,0.001615134,0.003978032
528,ALRU31UB,ALRU,2,31,up,21,4/12/18,-0.001346883,0.000463463,0.00263601
529,ALRU31UB,ALRU,2,31,up,28,4/19/18,-0.001717576,-0.000358931,0.001026754
530,ALRU31UB,ALRU,2,31,up,35,4/26/18,0.000322903,0.001988169,0.003778193
531,ALRU31UB,ALRU,2,31,up,42,5/3/18,0.002479508,0.004090377,0.005684864
532,ALRU31UB,ALRU,2,31,up,50,5/11/18,0.001652624,0.003365022,0.005139548
533,ALRU31UB,ALRU,2,31,up,56,5/17/18,0.009312285,0.01087619,0.012545016
534,ALRU31UB,ALRU,2,31,up,63,5/24/18,0.013750286,0.015454988,0.017260346
535,ALRU31UB,ALRU,2,31,up,84,6/14/18,0.010191693,0.012022634,0.013953363
536,ALRU31UB,ALRU,2,31,up,91,6/21/18,0.035805438,0.038790024,0.041982866
537,ALRU31UB,ALRU,2,31,up,98,6/28/18,0.023271175,0.025437864,0.027734037
538,ALRU31UB,ALRU,2,31,up,106,7/6/18,0.050823813,0.054343888,0.058074465
539,ALRU31UB,ALRU,2,31,up,112,7/12/18,0.128301831,0.136318941,0.144943265
540,ALRU31UB,ALRU,2,31,up,118,7/18/18,0.28598733,0.304408603,0.323822298
541,ALRU31UB,ALRU,2,31,up,125,7/25/18,0.546414381,0.579692794,0.614417673
542,ALRU31UB,ALRU,2,31,up,134,8/3/18,0.761408585,0.808238901,0.857168666
543,ALRU31UB,ALRU,2,31,up,148,8/17/18,0.844919795,0.897748148,0.953167167
544,ALRU31UB,ALRU,2,31,up,162,8/31/18,1.278374027,1.360657552,1.447965154
546,ALRU31UC,ALRU,3,31,up,0,3/22/18,-0.000853729,0.000711819,0.002420048
547,ALRU31UC,ALRU,3,31,up,3,3/25/18,0.001103574,0.00529025,0.009642071
548,ALRU31UC,ALRU,3,31,up,7,3/29/18,-0.004312544,-0.00235906,-1.84E-05
549,ALRU31UC,ALRU,3,31,up,21,4/12/18,0.000376145,0.002190154,0.004386231
550,ALRU31UC,ALRU,3,31,up,28,4/19/18,-0.003029782,-0.00148979,4.90E-05
551,ALRU31UC,ALRU,3,31,up,35,4/26/18,0.001188933,0.002813054,0.004572122
552,ALRU31UC,ALRU,3,31,up,42,5/3/18,0.000798986,0.002333135,0.003960514
553,ALRU31UC,ALRU,3,31,up,50,5/11/18,-0.001310092,0.000144889,0.001645535
554,ALRU31UC,ALRU,3,31,up,56,5/17/18,0.000562333,0.001997044,0.003477334
555,ALRU31UC,ALRU,3,31,up,63,5/24/18,-0.000307509,0.001243945,0.002804451
556,ALRU31UC,ALRU,3,31,up,84,6/14/18,0.00435745,0.006390108,0.008529871
557,ALRU31UC,ALRU,3,31,up,91,6/21/18,0.007822802,0.009475786,0.011388499
558,ALRU31UC,ALRU,3,31,up,98,6/28/18,0.02645367,0.028753227,0.031186839
559,ALRU31UC,ALRU,3,31,up,106,7/6/18,0.050529176,0.05408822,0.057868367
560,ALRU31UC,ALRU,3,31,up,112,7/12/18,0.22238655,0.236275516,0.251115987
561,ALRU31UC,ALRU,3,31,up,118,7/18/18,0.54516444,0.579024659,0.614668301
562,ALRU31UC,ALRU,3,31,up,125,7/25/18,0.759496883,0.80667681,0.856832424
563,ALRU31UC,ALRU,3,31,up,134,8/3/18,0.7168359,0.760211264,0.806523734
564,ALRU31UC,ALRU,3,31,up,148,8/17/18,0.694256562,0.737469674,0.784122295
565,ALRU31UC,ALRU,3,31,up,162,8/31/18,0.998492913,1.061387101,1.126602976
567,GLSE31UA,GLSE,1,31,up,0,9/12/18,-0.007361442,-0.0042187,-0.001008557
568,GLSE31UA,GLSE,1,31,up,7,9/19/18,0.000386101,0.00239644,0.004512018
569,GLSE31UA,GLSE,1,31,up,14,9/26/18,-0.003221202,-0.001361693,0.000571785
570,GLSE31UA,GLSE,1,31,up,23,10/5/18,-0.0013407,0.000495146,0.00237771
571,GLSE31UA,GLSE,1,31,up,28,10/10/18,-0.000189044,0.001648238,0.003517455
572,GLSE31UA,GLSE,1,31,up,35,10/17/18,0.00137551,0.003426289,0.005770847
573,GLSE31UA,GLSE,1,31,up,42,10/24/18,-0.000308845,0.002644716,0.005615302
574,GLSE31UA,GLSE,1,31,up,48,10/30/18,0.009796392,0.012792549,0.015830819
575,GLSE31UA,GLSE,1,31,up,63,11/14/18,0.012225764,0.014472351,0.01677839
576,GLSE31UA,GLSE,1,31,up,70,11/21/18,0.039409676,0.042599397,0.04580952
577,GLSE31UA,GLSE,1,31,up,77,11/28/18,0.085554782,0.089244262,0.093159664
578,GLSE31UA,GLSE,1,31,up,84,12/5/18,0.066771482,0.070162325,0.073609318
579,GLSE31UA,GLSE,1,31,up,96,12/17/18,0.085666021,0.089768509,0.09404399
580,GLSE31UA,GLSE,1,31,up,118,1/8/19,0.094366522,0.098983998,0.103789256
581,GLSE31UA,GLSE,1,31,up,125,1/15/19,0.073565674,0.081082992,0.088612273
582,GLSE31UA,GLSE,1,31,up,139,1/29/19,0.227589145,0.237844721,0.248286479
583,GLSE31UA,GLSE,1,31,up,146,2/5/19,0.199575819,0.208911159,0.218590463
585,GLSE31UB,GLSE,2,31,up,0,9/12/18,-0.00703542,-0.004828336,-0.002631129
586,GLSE31UB,GLSE,2,31,up,7,9/19/18,-0.004830182,-0.002933006,-0.000945556
587,GLSE31UB,GLSE,2,31,up,14,9/26/18,-0.001347694,0.000579333,0.002567128
588,GLSE31UB,GLSE,2,31,up,23,10/5/18,0.001538207,0.003167989,0.00491634
589,GLSE31UB,GLSE,2,31,up,28,10/10/18,0.006658634,0.008433902,0.010249484
590,GLSE31UB,GLSE,2,31,up,35,10/17/18,0.019305321,0.02143941,0.023798004
591,GLSE31UB,GLSE,2,31,up,42,10/24/18,0.032438332,0.034639912,0.036991113
592,GLSE31UB,GLSE,2,31,up,49,10/31/18,0.020428085,0.022495854,0.024775484
593,GLSE31UB,GLSE,2,31,up,56,11/7/18,0.022178539,0.024186653,0.026265824
594,GLSE31UB,GLSE,2,31,up,63,11/14/18,0.040157204,0.043654647,0.047315148
595,GLSE31UB,GLSE,2,31,up,70,11/21/18,0.058326598,0.062234934,0.066085092
596,GLSE31UB,GLSE,2,31,up,77,11/28/18,0.09152322,0.095375762,0.099397853
597,GLSE31UB,GLSE,2,31,up,84,12/5/18,0.088988325,0.092996396,0.097180998
598,GLSE31UB,GLSE,2,31,up,96,12/17/18,0.127016087,0.132292343,0.137664479
599,GLSE31UB,GLSE,2,31,up,118,1/8/19,0.123883861,0.129329999,0.134916806
601,GLSE31UC,GLSE,3,31,up,0,9/12/18,-1.06E-05,0.003169246,0.006358284
602,GLSE31UC,GLSE,3,31,up,7,9/19/18,-0.000905979,0.000946266,0.00290682
603,GLSE31UC,GLSE,3,31,up,14,9/26/18,-0.002239543,-0.000326058,0.001644629
604,GLSE31UC,GLSE,3,31,up,28,10/10/18,-0.001612661,0.000181718,0.002004409
605,GLSE31UC,GLSE,3,31,up,35,10/17/18,-0.002655963,-0.00051588,0.001823354
606,GLSE31UC,GLSE,3,31,up,42,10/24/18,-0.003884452,-0.00182663,0.000268394
607,GLSE31UC,GLSE,3,31,up,49,10/31/18,-0.003032897,-0.000993608,0.001175552
608,GLSE31UC,GLSE,3,31,up,56,11/7/18,-0.005871543,-0.003006217,-9.34E-05
609,GLSE31UC,GLSE,3,31,up,63,11/14/18,-0.005913791,-0.002506687,0.000926435
610,GLSE31UC,GLSE,3,31,up,70,11/21/18,0.006455197,0.009545953,0.012634142
611,GLSE31UC,GLSE,3,31,up,77,11/28/18,0.007326927,0.009758846,0.012248137
612,GLSE31UC,GLSE,3,31,up,84,12/5/18,0.007515596,0.009744069,0.012064335
613,GLSE31UC,GLSE,3,31,up,96,12/17/18,0.026230217,0.030275456,0.034495937
614,GLSE31UC,GLSE,3,31,up,118,1/8/19,0.046659125,0.049560711,0.052623903
615,GLSE31UC,GLSE,3,31,up,125,1/15/19,0.040585122,0.044090501,0.047683834
616,GLSE31UC,GLSE,3,31,up,139,1/29/19,0.106585828,0.111337922,0.116377074
617,GLSE31UC,GLSE,3,31,up,146,2/5/19,0.098761933,0.103404203,0.10819188
619,GLSE31UD,GLSE,4,31,up,0,9/12/18,-0.00381642,-0.001876793,0.000138695
620,GLSE31UD,GLSE,4,31,up,7,9/19/18,-0.003961747,-0.001891468,0.000266567
621,GLSE31UD,GLSE,4,31,up,14,9/26/18,0.000357645,0.002006213,0.003667304
622,GLSE31UD,GLSE,4,31,up,28,10/10/18,0.036488338,0.038687295,0.040956899
623,GLSE31UD,GLSE,4,31,up,35,10/17/18,0.059480326,0.062743071,0.066127215
624,GLSE31UD,GLSE,4,31,up,42,10/24/18,0.078713831,0.082826039,0.087008527
625,GLSE31UD,GLSE,4,31,up,49,10/31/18,0.088709767,0.092490287,0.096460824
626,GLSE31UD,GLSE,4,31,up,56,11/7/18,0.194279055,0.201627396,0.209356918
627,GLSE31UD,GLSE,4,31,up,63,11/14/18,0.114839414,0.11971325,0.124896093
628,GLSE31UD,GLSE,4,31,up,70,11/21/18,0.102586577,0.107523407,0.112528288
629,GLSE31UD,GLSE,4,31,up,77,11/28/18,0.095047244,0.099125683,0.103351832
630,GLSE31UD,GLSE,4,31,up,84,12/5/18,0.119865145,0.124946634,0.130181736
631,GLSE31UD,GLSE,4,31,up,96,12/17/18,0.150239088,0.156328376,0.162701599
633,GLSE31UE,GLSE,5,31,up,0,9/12/18,-0.000137823,0.001791817,0.003756668
634,GLSE31UE,GLSE,5,31,up,7,9/19/18,-0.002625037,-0.000721963,0.001209096
635,GLSE31UE,GLSE,5,31,up,14,9/26/18,-0.004481244,-0.002635816,-0.000739405
636,GLSE31UE,GLSE,5,31,up,28,10/10/18,-0.000859827,0.000892423,0.002739586
637,GLSE31UE,GLSE,5,31,up,35,10/17/18,0.006192162,0.009419194,0.012759967
638,GLSE31UE,GLSE,5,31,up,42,10/24/18,0.023382324,0.026440933,0.029566215
639,GLSE31UE,GLSE,5,31,up,49,10/31/18,0.028692624,0.031240929,0.034017558
640,GLSE31UE,GLSE,5,31,up,56,11/7/18,0.044425039,0.04775824,0.051196195
641,GLSE31UE,GLSE,5,31,up,63,11/14/18,0.10344323,0.108143923,0.113008777
642,GLSE31UE,GLSE,5,31,up,70,11/21/18,0.136739485,0.142293686,0.14797525
643,GLSE31UE,GLSE,5,31,up,77,11/28/18,0.183425869,0.190559236,0.197671196
644,GLSE31UE,GLSE,5,31,up,84,12/5/18,0.2815501,0.291971603,0.302801466
645,GLSE31UE,GLSE,5,31,up,96,12/18/18,0.220040801,0.228526235,0.237369103
646,GLSE31UE,GLSE,5,31,up,118,1/8/19,0.206288977,0.213964737,0.221838625
648,GLSE31UF,GLSE,6,31,up,0,9/19/18,-0.003726964,-0.001778463,0.000243971
649,GLSE31UF,GLSE,6,31,up,7,9/26/18,-0.00409942,-0.002394818,-0.000639465
650,GLSE31UF,GLSE,6,31,up,21,10/10/18,0.002092665,0.004016336,0.005991849
651,GLSE31UF,GLSE,6,31,up,28,10/17/18,-0.00275044,-0.000784875,0.001437531
652,GLSE31UF,GLSE,6,31,up,36,10/25/18,-0.003794368,-0.002031064,-0.000144702
653,GLSE31UF,GLSE,6,31,up,42,10/31/18,0.000254355,0.002477706,0.00479537
654,GLSE31UF,GLSE,6,31,up,49,11/7/18,-0.005733767,-0.003163946,-0.000575614
655,GLSE31UF,GLSE,6,31,up,56,11/14/18,-0.000364222,0.002275553,0.004903477
656,GLSE31UF,GLSE,6,31,up,63,11/21/18,0.001353116,0.003839006,0.006265163
657,GLSE31UF,GLSE,6,31,up,70,11/28/18,0.003622299,0.005958874,0.008347
658,GLSE31UF,GLSE,6,31,up,77,12/5/18,0.00215837,0.004227353,0.00631447
659,GLSE31UF,GLSE,6,31,up,89,12/18/18,0.00323658,0.006504605,0.009813039
660,GLSE31UF,GLSE,6,31,up,111,1/8/19,0.063864638,0.067268977,0.070757633
661,GLSE31UF,GLSE,6,31,up,118,1/15/19,0.081615854,0.086071147,0.090657491
662,GLSE31UF,GLSE,6,31,up,132,1/29/19,0.161803155,0.168385039,0.175093467
663,GLSE31UF,GLSE,6,31,up,139,2/5/19,0.159415861,0.168339803,0.177493101
665,MOCE31UA,MOCE,1,31,up,0,9/29/18,0.005497679,0.007203468,0.009031717
666,MOCE31UA,MOCE,1,31,up,15,10/14/18,-0.002945522,-0.000854059,0.001358706
667,MOCE31UA,MOCE,1,31,up,22,10/21/18,-0.000212692,0.001832267,0.004164459
668,MOCE31UA,MOCE,1,31,up,28,10/27/18,4.14E-05,0.001865367,0.003843872
669,MOCE31UA,MOCE,1,31,up,36,11/4/18,-0.006694491,-0.002860573,0.00101171
670,MOCE31UA,MOCE,1,31,up,43,11/11/18,-0.003773973,-0.000929368,0.001885879
671,MOCE31UA,MOCE,1,31,up,50,11/18/18,-0.006166724,-0.004078558,-0.002037402
672,MOCE31UA,MOCE,1,31,up,57,11/25/18,-0.001934786,0.000235964,0.002618196
673,MOCE31UA,MOCE,1,31,up,65,12/3/18,-0.004211672,-0.000894226,0.002377721
674,MOCE31UA,MOCE,1,31,up,99,1/6/19,0.029778214,0.033571396,0.037587702
675,MOCE31UA,MOCE,1,31,up,107,1/14/19,0.160189774,0.169979034,0.179928805
676,MOCE31UA,MOCE,1,31,up,114,1/21/19,0.494850634,0.524627429,0.555301733
677,MOCE31UA,MOCE,1,31,up,122,1/29/19,0.797213747,0.845614288,0.89556569
678,MOCE31UA,MOCE,1,31,up,129,2/5/19,0.756998002,0.802604199,0.850143083
679,MOCE31UA,MOCE,1,31,up,142,2/18/19,1.118083722,1.185176672,1.254542258
680,MOCE31UA,MOCE,1,31,up,157,3/5/19,1.095789515,1.161160578,1.227370369
682,MOCE31UB,MOCE,2,31,up,0,9/29/18,-0.003260673,-0.001570818,0.00016975
683,MOCE31UB,MOCE,2,31,up,15,10/14/18,0.002009879,0.004115571,0.006363108
684,MOCE31UB,MOCE,2,31,up,22,10/21/18,-0.000721243,0.001526528,0.003988475
685,MOCE31UB,MOCE,2,31,up,28,10/27/18,0.000295312,0.002236642,0.004346288
686,MOCE31UB,MOCE,2,31,up,36,11/4/18,-0.005758367,-0.002533449,0.000700951
687,MOCE31UB,MOCE,2,31,up,43,11/11/18,-0.005492528,-0.002736869,6.58E-05
688,MOCE31UB,MOCE,2,31,up,50,11/18/18,-0.004086771,-0.002121356,-0.000185068
689,MOCE31UB,MOCE,2,31,up,57,11/25/18,0.000664452,0.002558465,0.004697439
690,MOCE31UB,MOCE,2,31,up,65,12/3/18,-0.002115613,-0.000150997,0.001923994
691,MOCE31UB,MOCE,2,31,up,99,1/6/19,0.009127008,0.012627497,0.016298718
692,MOCE31UB,MOCE,2,31,up,107,1/14/19,0.014340611,0.016484253,0.018768616
693,MOCE31UB,MOCE,2,31,up,114,1/21/19,0.038573084,0.042843049,0.04744312
694,MOCE31UB,MOCE,2,31,up,122,1/29/19,0.023127747,0.026416242,0.029843022
695,MOCE31UB,MOCE,2,31,up,129,2/5/19,0.031173678,0.037003782,0.042973986
696,MOCE31UB,MOCE,2,31,up,135,2/11/19,0.035096836,0.03788784,0.040946205
697,MOCE31UB,MOCE,2,31,up,142,2/18/19,0.043714574,0.046815252,0.050088305
698,MOCE31UB,MOCE,2,31,up,151,2/27/19,0.061135564,0.065335915,0.069848743
699,MOCE31UB,MOCE,2,31,up,157,3/5/19,0.077762052,0.082596357,0.087640765
700,MOCE31UB,MOCE,2,31,up,171,3/19/19,0.067395466,0.07169079,0.076173829
702,MOCE31UC,MOCE,3,31,up,0,9/29/18,-0.001054941,0.000579033,0.002302592
703,MOCE31UC,MOCE,3,31,up,15,10/14/18,-0.001005688,0.001176898,0.003449901
704,MOCE31UC,MOCE,3,31,up,22,10/21/18,-0.001130292,0.000991726,0.003382499
705,MOCE31UC,MOCE,3,31,up,28,10/27/18,0.000441605,0.002371579,0.004444651
706,MOCE31UC,MOCE,3,31,up,36,11/4/18,-0.00733502,-0.003100242,0.001069303
707,MOCE31UC,MOCE,3,31,up,43,11/11/18,-0.004238057,-0.001522687,0.00123287
708,MOCE31UC,MOCE,3,31,up,50,11/18/18,-0.002526677,-0.000610638,0.001300985
709,MOCE31UC,MOCE,3,31,up,57,11/25/18,-0.002035542,-0.000271908,0.001590654
710,MOCE31UC,MOCE,3,31,up,65,12/3/18,-0.000938922,0.000749479,0.002435629
711,MOCE31UC,MOCE,3,31,up,99,1/6/19,0.011082012,0.014898336,0.018899213
712,MOCE31UC,MOCE,3,31,up,107,1/14/19,0.040049643,0.043254665,0.046643589
713,MOCE31UC,MOCE,3,31,up,114,1/21/19,0.09484709,0.101341065,0.108251101
714,MOCE31UC,MOCE,3,31,up,123,1/30/19,0.113853451,0.121114659,0.12869671
715,MOCE31UC,MOCE,3,31,up,129,2/5/19,0.092016009,0.098153921,0.104631541
716,MOCE31UC,MOCE,3,31,up,135,2/11/19,0.142397549,0.151114224,0.160053303
717,MOCE31UC,MOCE,3,31,up,142,2/18/19,0.186940941,0.198153722,0.209880502
718,MOCE31UC,MOCE,3,31,up,151,2/27/19,0.175683063,0.186363997,0.197561824
719,MOCE31UC,MOCE,3,31,up,157,3/5/19,0.238258922,0.252865087,0.268095884
720,MOCE31UC,MOCE,3,31,up,171,3/19/19,0.392123948,0.415084828,0.438891234
721,MOCE31UC,MOCE,3,31,up,185,4/2/19,0.319521973,0.338295839,0.35779279
723,MOCE31UD,MOCE,4,31,up,0,9/29/18,-0.003233256,-0.001550752,0.000132224
724,MOCE31UD,MOCE,4,31,up,15,10/14/18,0.001143734,0.003362363,0.005775407
725,MOCE31UD,MOCE,4,31,up,22,10/21/18,-0.001645328,0.000202917,0.00208168
726,MOCE31UD,MOCE,4,31,up,28,10/27/18,-0.002253937,-0.000314625,0.001761373
727,MOCE31UD,MOCE,4,31,up,36,11/4/18,0.004743616,0.009005623,0.013389108
728,MOCE31UD,MOCE,4,31,up,43,11/11/18,-0.008300975,-0.004860988,-0.00141216
729,MOCE31UD,MOCE,4,31,up,50,11/18/18,-0.003992594,-0.002076024,-0.000145722
730,MOCE31UD,MOCE,4,31,up,57,11/25/18,-0.001670826,0.000162714,0.002119213
731,MOCE31UD,MOCE,4,31,up,79,12/17/18,0.015824208,0.017862654,0.020082404
732,MOCE31UD,MOCE,4,31,up,99,1/6/19,0.223728286,0.237807413,0.252520411
733,MOCE31UD,MOCE,4,31,up,107,1/14/19,0.952037976,1.008172733,1.067299942
734,MOCE31UD,MOCE,4,31,up,114,1/21/19,0.946364689,1.00273978,1.061242817
736,MOCE31UE,MOCE,5,31,up,0,9/29/18,-0.002781209,-0.00118293,0.000472427
737,MOCE31UE,MOCE,5,31,up,15,10/14/18,-0.000367365,0.00196235,0.004447696
738,MOCE31UE,MOCE,5,31,up,28,10/27/18,-0.002718689,-0.000895416,0.001108564
739,MOCE31UE,MOCE,5,31,up,36,11/4/18,-0.005230396,-0.001060859,0.003076031
740,MOCE31UE,MOCE,5,31,up,43,11/11/18,0.004250228,0.007776487,0.011307579
741,MOCE31UE,MOCE,5,31,up,50,11/18/18,-0.001527633,0.000452205,0.002497832
742,MOCE31UE,MOCE,5,31,up,57,11/25/18,0.00270282,0.004531348,0.00653174
743,MOCE31UE,MOCE,5,31,up,79,12/17/18,0.035832238,0.038619386,0.041608783
744,MOCE31UE,MOCE,5,31,up,99,1/6/19,0.008612549,0.012413814,0.016370315
745,MOCE31UE,MOCE,5,31,up,107,1/14/19,0.051152855,0.054741956,0.05849653
746,MOCE31UE,MOCE,5,31,up,114,1/21/19,0.074059524,0.080136487,0.086437978
747,MOCE31UE,MOCE,5,31,up,123,1/30/19,0.087208078,0.093196052,0.099463714
748,MOCE31UE,MOCE,5,31,up,129,2/5/19,0.039412075,0.04293058,0.046718045
749,MOCE31UE,MOCE,5,31,up,135,2/11/19,0.106340721,0.113080095,0.1202076
750,MOCE31UE,MOCE,5,31,up,142,2/18/19,0.177218803,0.187832961,0.198962237
751,MOCE31UE,MOCE,5,31,up,151,2/27/19,0.113614245,0.120996497,0.128854206
752,MOCE31UE,MOCE,5,31,up,157,3/5/19,0.118551303,0.126444945,0.134708183
753,MOCE31UE,MOCE,5,31,up,171,3/19/19,0.344946162,0.36519003,0.38633148
754,MOCE31UE,MOCE,5,31,up,185,4/2/19,0.12715702,0.13478913,0.142810998
756,MOCE31UF,MOCE,6,31,up,0,9/29/18,-0.002118,-0.000404099,0.001317962
757,MOCE31UF,MOCE,6,31,up,15,10/14/18,-0.000218673,0.001959928,0.00423639
758,MOCE31UF,MOCE,6,31,up,28,10/27/18,-0.002247572,-0.000378987,0.001655603
759,MOCE31UF,MOCE,6,31,up,36,11/4/18,-0.008436733,-0.003400262,0.001469312
760,MOCE31UF,MOCE,6,31,up,43,11/11/18,-0.003024398,0.000192759,0.003366154
761,MOCE31UF,MOCE,6,31,up,57,11/25/18,-0.003295112,-0.00131705,0.000790175
762,MOCE31UF,MOCE,6,31,up,79,12/17/18,0.000348034,0.002247536,0.004264473
763,MOCE31UF,MOCE,6,31,up,99,1/6/19,0.000867177,0.004809576,0.008748456
764,MOCE31UF,MOCE,6,31,up,107,1/14/19,0.009297923,0.011501068,0.013776812
765,MOCE31UF,MOCE,6,31,up,114,1/21/19,0.03567397,0.040227189,0.044995386
766,MOCE31UF,MOCE,6,31,up,123,1/30/19,0.059410908,0.063857448,0.068630292
767,MOCE31UF,MOCE,6,31,up,129,2/5/19,0.060189123,0.0649727,0.069993183
768,MOCE31UF,MOCE,6,31,up,135,2/11/19,0.07672872,0.081925804,0.087393218
769,MOCE31UF,MOCE,6,31,up,142,2/18/19,0.14411258,0.153112696,0.162623923
770,MOCE31UF,MOCE,6,31,up,151,2/27/19,0.158439074,0.168058216,0.178168018
771,MOCE31UF,MOCE,6,31,up,157,3/5/19,0.174133358,0.185011938,0.196196261
772,MOCE31UF,MOCE,6,31,up,171,3/19/19,0.228676073,0.241844557,0.255905429
773,MOCE31UF,MOCE,6,31,up,185,4/2/19,0.170355297,0.18025213,0.190535947
775,MOCE31UG,MOCE,7,31,up,0,9/29/18,-0.003184138,-0.001373448,0.000513997
776,MOCE31UG,MOCE,7,31,up,15,10/14/18,0.001580028,0.003708716,0.005977962
777,MOCE31UG,MOCE,7,31,up,29,10/28/18,-0.004398062,-0.002769057,-0.001035431
778,MOCE31UG,MOCE,7,31,up,36,11/4/18,-0.001290132,0.002251461,0.005774751
779,MOCE31UG,MOCE,7,31,up,43,11/11/18,-0.003574261,-7.52E-05,0.003473559
780,MOCE31UG,MOCE,7,31,up,57,11/25/18,0.005157969,0.007048363,0.009117037
781,MOCE31UG,MOCE,7,31,up,79,12/17/18,0.010914143,0.012933844,0.01508873
782,MOCE31UG,MOCE,7,31,up,99,1/6/19,0.00127585,0.004457988,0.00761544
783,MOCE31UG,MOCE,7,31,up,107,1/14/19,0.013311614,0.015402042,0.017589922
784,MOCE31UG,MOCE,7,31,up,114,1/21/19,0.033322642,0.037624985,0.042123968
785,MOCE31UG,MOCE,7,31,up,123,1/30/19,0.056587299,0.061603009,0.066956644
786,MOCE31UG,MOCE,7,31,up,129,2/5/19,0.065817682,0.070700027,0.075843137
787,MOCE31UG,MOCE,7,31,up,135,2/11/19,0.081377941,0.086766557,0.092569035
788,MOCE31UG,MOCE,7,31,up,142,2/18/19,0.125492778,0.13319026,0.141166865
789,MOCE31UG,MOCE,7,31,up,151,2/27/19,0.155880815,0.165529044,0.175687456
790,MOCE31UG,MOCE,7,31,up,157,3/5/19,0.132334663,0.140458385,0.14906492
791,MOCE31UG,MOCE,7,31,up,171,3/19/19,0.205358795,0.217184742,0.229435343
792,MOCE31UG,MOCE,7,31,up,185,4/2/19,0.144342501,0.152830209,0.161441251
794,MOCE31UH,MOCE,8,31,up,0,9/29/18,-0.001859428,-0.000203577,0.001444943
795,MOCE31UH,MOCE,8,31,up,15,10/14/18,0.001384763,0.003707625,0.006077652
796,MOCE31UH,MOCE,8,31,up,29,10/28/18,-0.000733174,0.000970354,0.002760293
797,MOCE31UH,MOCE,8,31,up,36,11/4/18,-0.003436406,-0.000381357,0.002685708
798,MOCE31UH,MOCE,8,31,up,43,11/11/18,-0.002584211,0.001250584,0.005176858
799,MOCE31UH,MOCE,8,31,up,57,11/25/18,-0.000310882,0.00186249,0.004170398
800,MOCE31UH,MOCE,8,31,up,79,12/17/18,0.001178881,0.002998089,0.004999345
801,MOCE31UH,MOCE,8,31,up,99,1/6/19,-0.00030165,0.002783548,0.005955041
802,MOCE31UH,MOCE,8,31,up,107,1/14/19,0.013878497,0.016085388,0.018404588
803,MOCE31UH,MOCE,8,31,up,114,1/21/19,0.034527643,0.039006405,0.043637646
804,MOCE31UH,MOCE,8,31,up,123,1/30/19,0.052109287,0.056762507,0.061905168
805,MOCE31UH,MOCE,8,31,up,129,2/5/19,0.034144394,0.037403202,0.040810362
806,MOCE31UH,MOCE,8,31,up,135,2/11/19,0.052788703,0.056766597,0.061121935
807,MOCE31UH,MOCE,8,31,up,142,2/18/19,0.108373362,0.115281302,0.122488909
808,MOCE31UH,MOCE,8,31,up,151,2/27/19,0.13222218,0.140292924,0.148724
809,MOCE31UH,MOCE,8,31,up,157,3/5/19,0.125651638,0.133367544,0.141497984
810,MOCE31UH,MOCE,8,31,up,171,3/19/19,0.265096892,0.280362733,0.296239759
811,MOCE31UH,MOCE,8,31,up,185,4/2/19,0.245725475,0.260113984,0.275063779
813,ROPS31UA,ROPS,1,31,up,0,9/11/18,-0.003928893,-0.002061966,-0.000197753
814,ROPS31UA,ROPS,1,31,up,7,9/18/18,-0.001652454,9.19E-05,0.001836664
815,ROPS31UA,ROPS,1,31,up,14,9/25/18,-0.004481222,-0.002566414,-0.000598071
816,ROPS31UA,ROPS,1,31,up,24,10/5/18,-0.00125881,0.000568667,0.002436411
817,ROPS31UA,ROPS,1,31,up,28,10/9/18,-0.000642781,0.001218127,0.003101915
818,ROPS31UA,ROPS,1,31,up,35,10/16/18,-0.001694091,0.000345598,0.002436732
819,ROPS31UA,ROPS,1,31,up,42,10/23/18,-0.002237945,-1.35E-05,0.002300736
820,ROPS31UA,ROPS,1,31,up,49,10/30/18,-0.00216196,-0.000303815,0.00162261
821,ROPS31UA,ROPS,1,31,up,56,11/6/18,0.046618942,0.049131816,0.051732348
822,ROPS31UA,ROPS,1,31,up,63,11/13/18,0.196791539,0.204211249,0.211676296
823,ROPS31UA,ROPS,1,31,up,70,11/20/18,0.237354816,0.246453311,0.255607608
824,ROPS31UA,ROPS,1,31,up,77,11/27/18,0.342218822,0.354539517,0.367294554
825,ROPS31UA,ROPS,1,31,up,84,12/4/18,0.461510672,0.478489237,0.495531715
826,ROPS31UA,ROPS,1,31,up,89,12/9/18,0.497020054,0.515214224,0.534177365
828,ROPS31UB,ROPS,2,31,up,0,9/11/18,-0.001287769,0.000886808,0.003057087
829,ROPS31UB,ROPS,2,31,up,7,9/18/18,-0.004076633,-0.002346036,-0.000551993
830,ROPS31UB,ROPS,2,31,up,14,9/25/18,-0.002494356,-0.000512553,0.001552969
832,ROPS31UB,ROPS,2,31,up,28,10/9/18,-0.00054361,0.001526015,0.003618739
833,ROPS31UB,ROPS,2,31,up,35,10/16/18,0.007623027,0.009582251,0.011601607
834,ROPS31UB,ROPS,2,31,up,42,10/23/18,0.065261974,0.068458929,0.071835066
835,ROPS31UB,ROPS,2,31,up,49,10/30/18,0.082444835,0.086023706,0.089721435
836,ROPS31UB,ROPS,2,31,up,56,11/6/18,0.058632587,0.061529631,0.064580868
837,ROPS31UB,ROPS,2,31,up,63,11/13/18,0.042275959,0.044798012,0.047395696
838,ROPS31UB,ROPS,2,31,up,70,11/20/18,0.054400919,0.057399328,0.060524643
839,ROPS31UB,ROPS,2,31,up,77,11/27/18,0.068208746,0.071395369,0.074741141
840,ROPS31UB,ROPS,2,31,up,84,12/4/18,0.092566416,0.096465067,0.100585229
841,ROPS31UB,ROPS,2,31,up,89,12/9/18,0.130179238,0.135839743,0.141668888
842,ROPS31UB,ROPS,2,31,up,118,1/7/19,0.339143124,0.35167914,0.364399673
843,ROPS31UB,ROPS,2,31,up,126,1/15/19,0.460242125,0.476906167,0.494390521
844,ROPS31UB,ROPS,2,31,up,139,1/28/19,0.431617947,0.447413512,0.463487354
846,ROPS31UC,ROPS,3,31,up,0,9/11/18,-0.005692199,-0.004040785,-0.002357206
847,ROPS31UC,ROPS,3,31,up,7,9/18/18,-0.002780516,-0.001101076,0.000655075
848,ROPS31UC,ROPS,3,31,up,14,9/25/18,-5.13E-05,0.001861412,0.003816245
849,ROPS31UC,ROPS,3,31,up,28,10/9/18,-0.001574389,0.000369154,0.002420723
850,ROPS31UC,ROPS,3,31,up,35,10/16/18,-0.002468898,-0.000623165,0.0012773
851,ROPS31UC,ROPS,3,31,up,42,10/23/18,-0.003406817,-0.001454799,0.000632073
852,ROPS31UC,ROPS,3,31,up,49,10/30/18,-0.003905914,-0.001683489,0.000556992
853,ROPS31UC,ROPS,3,31,up,56,11/6/18,-0.001044692,0.000862526,0.002853291
854,ROPS31UC,ROPS,3,31,up,63,11/13/18,-0.000139504,0.001794806,0.003799656
855,ROPS31UC,ROPS,3,31,up,70,11/20/18,0.001807103,0.004191304,0.006614293
856,ROPS31UC,ROPS,3,31,up,77,11/27/18,0.008351979,0.010493896,0.012799577
857,ROPS31UC,ROPS,3,31,up,84,12/4/18,0.019919678,0.022184782,0.024557574
858,ROPS31UC,ROPS,3,31,up,89,12/9/18,0.024140006,0.026842956,0.029765404
859,ROPS31UC,ROPS,3,31,up,119,1/8/19,0.067213193,0.071397437,0.075692931
860,ROPS31UC,ROPS,3,31,up,126,1/15/19,0.086165469,0.090953875,0.095900509
861,ROPS31UC,ROPS,3,31,up,139,1/28/19,0.257857942,0.267451139,0.277353883
862,ROPS31UC,ROPS,3,31,up,148,2/6/19,0.32763319,0.339713091,0.352375619
863,ROPS31UC,ROPS,3,31,up,155,2/13/19,0.304658312,0.318112699,0.332204338
865,ROPS31UD,ROPS,4,31,up,0,9/11/18,-0.002351269,-0.000512991,0.001339701
866,ROPS31UD,ROPS,4,31,up,7,9/18/18,-0.001026629,0.000772171,0.002659657
867,ROPS31UD,ROPS,4,31,up,14,9/25/18,-0.004519164,-0.002622044,-0.00066711
868,ROPS31UD,ROPS,4,31,up,28,10/9/18,0.070087567,0.075055403,0.080006282
869,ROPS31UD,ROPS,4,31,up,35,10/16/18,0.10222563,0.106611695,0.111157628
870,ROPS31UD,ROPS,4,31,up,42,10/23/18,0.12414716,0.129325308,0.134786846
871,ROPS31UD,ROPS,4,31,up,49,10/30/18,0.125922934,0.130911708,0.136099059
872,ROPS31UD,ROPS,4,31,up,56,11/6/18,0.133827038,0.138905841,0.144146209
873,ROPS31UD,ROPS,4,31,up,63,11/13/18,0.146618961,0.152267951,0.157994181
874,ROPS31UD,ROPS,4,31,up,70,11/20/18,0.126287008,0.131463613,0.136707313
875,ROPS31UD,ROPS,4,31,up,77,11/27/18,0.143609579,0.149189522,0.154959361
876,ROPS31UD,ROPS,4,31,up,84,12/4/18,0.170403997,0.177201826,0.184180346
877,ROPS31UD,ROPS,4,31,up,97,12/17/18,0.160706841,0.166719951,0.173164223
878,ROPS31UD,ROPS,4,31,up,119,1/8/19,0.143782321,0.15001683,0.156378374
880,ROPS31UE,ROPS,5,31,up,0,9/11/18,-0.00017826,0.001711386,0.00360902
881,ROPS31UE,ROPS,5,31,up,7,9/18/18,-0.00269984,-0.000665263,0.001472735
882,ROPS31UE,ROPS,5,31,up,14,9/25/18,-0.005864391,-0.00401212,-0.001994047
883,ROPS31UE,ROPS,5,31,up,28,10/9/18,0.000668639,0.002536588,0.004482714
884,ROPS31UE,ROPS,5,31,up,35,10/16/18,1.57E-05,0.001754501,0.003558496
885,ROPS31UE,ROPS,5,31,up,42,10/23/18,-0.001544275,0.000307758,0.002203933
886,ROPS31UE,ROPS,5,31,up,49,10/30/18,-0.001399073,0.000571728,0.002599656
887,ROPS31UE,ROPS,5,31,up,56,11/6/18,-0.002330175,-0.00048517,0.001369394
888,ROPS31UE,ROPS,5,31,up,70,11/20/18,-0.002249509,0.000210245,0.002745845
889,ROPS31UE,ROPS,5,31,up,77,11/27/18,-0.004906504,-0.002926403,-0.00074106
890,ROPS31UE,ROPS,5,31,up,84,12/4/18,-0.002586893,-0.000353981,0.001856837
891,ROPS31UE,ROPS,5,31,up,97,12/17/18,0.003844409,0.005938371,0.008210552
892,ROPS31UE,ROPS,5,31,up,119,1/8/19,0.019458955,0.022593277,0.0257964
893,ROPS31UE,ROPS,5,31,up,126,1/15/19,0.122839144,0.128637314,0.134689532
894,ROPS31UE,ROPS,5,31,up,140,1/29/19,0.255154299,0.264759552,0.274544984
895,ROPS31UE,ROPS,5,31,up,148,2/6/19,0.31771923,0.329372394,0.341301334
896,ROPS31UE,ROPS,5,31,up,155,2/13/19,0.340726995,0.35497993,0.369831269
897,ROPS31UE,ROPS,5,31,up,167,2/25/19,0.349050754,0.361611176,0.374368044
899,ROPS31UF,ROPS,6,31,up,0,9/12/18,-0.001105032,0.000626958,0.002402208
900,ROPS31UF,ROPS,6,31,up,7,9/19/18,-0.000275805,0.001523666,0.003379558
901,ROPS31UF,ROPS,6,31,up,14,9/26/18,-0.004100402,-0.002149459,-0.000186411
902,ROPS31UF,ROPS,6,31,up,28,10/10/18,-0.001156361,0.000779077,0.002757665
903,ROPS31UF,ROPS,6,31,up,35,10/17/18,-0.003949948,-0.002023707,5.49E-05
904,ROPS31UF,ROPS,6,31,up,43,10/25/18,-0.001440716,0.000784948,0.003048557
905,ROPS31UF,ROPS,6,31,up,49,10/31/18,-0.000926569,0.001136324,0.003334802
906,ROPS31UF,ROPS,6,31,up,56,11/7/18,-0.00119903,0.00147713,0.004227524
907,ROPS31UF,ROPS,6,31,up,63,11/14/18,0.006811878,0.009250938,0.011819426
908,ROPS31UF,ROPS,6,31,up,70,11/21/18,0.060033637,0.063308859,0.066742992
909,ROPS31UF,ROPS,6,31,up,77,11/28/18,0.250670254,0.259887993,0.269564566
910,ROPS31UF,ROPS,6,31,up,83,12/4/18,0.300634024,0.311851039,0.323212009
911,ROPS31UF,ROPS,6,31,up,96,12/17/18,0.395325388,0.409893547,0.424722719
912,ROPS31UF,ROPS,6,31,up,118,1/8/19,0.394020254,0.408528601,0.423531365