Individual,Species,Temperature,Symbiosis,Biome,Direction,Day,Date,SNF,SNF.low,SNF.high
ALRU21DA,ALRU,21,A,Temp,down,0,8/20/19,0.013895625,0.013096541,0.01476911
ALRU21DA,ALRU,21,A,Temp,down,3,8/23/19,0.009715004,0.009157112,0.010317051
ALRU21DA,ALRU,21,A,Temp,down,7,8/27/19,0.008490393,0.007992723,0.00901665
ALRU21DA,ALRU,21,A,Temp,down,14,9/3/19,0.005456089,0.005140916,0.005795487
ALRU21DA,ALRU,21,A,Temp,down,21,9/10/19,0.005375686,0.00506343,0.005710984
ALRU21DA,ALRU,21,A,Temp,down,36,9/25/19,0.003019949,0.002847201,0.003208571
ALRU21DA,ALRU,21,A,Temp,down,55,10/14/19,0.001138493,0.001068486,0.001211779
ALRU21DA,ALRU,21,A,Temp,down,71,10/30/19,0.000265504,0.00011137,0.000423585
ALRU21DB,ALRU,21,A,Temp,down,0,8/20/19,0.005150348,0.004848851,0.005473821
ALRU21DB,ALRU,21,A,Temp,down,3,8/23/19,0.004600481,0.004328906,0.004890314
ALRU21DB,ALRU,21,A,Temp,down,7,8/27/19,0.002645838,0.002480599,0.0028253
ALRU21DB,ALRU,21,A,Temp,down,14,9/3/19,0.001708697,0.00159447,0.001830255
ALRU21DB,ALRU,21,A,Temp,down,21,9/10/19,0.001172821,0.001083395,0.001268846
ALRU21DB,ALRU,21,A,Temp,down,36,9/25/19,0.000228438,0.000187524,0.000272235
ALRU21DB,ALRU,21,A,Temp,down,55,10/14/19,-9.75E-06,-5.49E-05,3.66E-05
ALRU21DC,ALRU,21,A,Temp,down,0,8/20/19,0.008004639,0.007535214,0.00850207
ALRU21DC,ALRU,21,A,Temp,down,3,8/23/19,0.005745356,0.005409335,0.006100869
ALRU21DC,ALRU,21,A,Temp,down,7,8/27/19,0.002526673,0.002367032,0.002695986
ALRU21DC,ALRU,21,A,Temp,down,14,9/3/19,0.001853902,0.001679522,0.002037551
ALRU21DC,ALRU,21,A,Temp,down,21,9/10/19,0.000809153,0.000715993,0.00091012
ALRU21DC,ALRU,21,A,Temp,down,36,9/25/19,0.000150474,9.12E-05,0.00021122
ALRU21DD,ALRU,21,A,Temp,down,0,8/20/19,0.00900186,0.008461413,0.009579184
ALRU21DD,ALRU,21,A,Temp,down,3,8/23/19,0.006743596,0.004193918,0.012062769
ALRU21DD,ALRU,21,A,Temp,down,7,8/27/19,0.003807445,0.003575008,0.004059985
ALRU21DD,ALRU,21,A,Temp,down,14,9/3/19,0.001802807,0.00165199,0.001964207
ALRU21DD,ALRU,21,A,Temp,down,21,9/10/19,0.000893293,0.000797946,0.001000602
ALRU21DD,ALRU,21,A,Temp,down,36,9/25/19,0.000229759,0.000184103,0.000277676
ALRU21DD,ALRU,21,A,Temp,down,56,10/15/19,-0.000122884,-0.00017096,-6.99E-05
ALRU31DA,ALRU,31,A,Temp,down,0,10/23/18,0.016094807,0.015128916,0.017142791
ALRU31DA,ALRU,31,A,Temp,down,3,10/26/18,0.008682303,0.008139526,0.009260565
ALRU31DA,ALRU,31,A,Temp,down,7,10/30/18,0.009125152,0.008596861,0.009694646
ALRU31DA,ALRU,31,A,Temp,down,14,11/6/18,0.003214483,0.003023283,0.003421495
ALRU31DA,ALRU,31,A,Temp,down,21,11/13/18,0.001526677,0.001414377,0.001648098
ALRU31DA,ALRU,31,A,Temp,down,28,11/20/18,0.000300363,0.000256681,0.000345395
ALRU31DA,ALRU,31,A,Temp,down,35,11/27/18,-3.10E-05,-7.69E-05,1.57E-05
ALRU31DA,ALRU,31,A,Temp,down,42,12/4/18,8.43E-06,-4.93E-05,6.63E-05
ALRU31DB,ALRU,31,A,Temp,down,0,3/22/18,0.015589614,0.014615916,0.016617436
ALRU31DB,ALRU,31,A,Temp,down,3,3/25/18,0.012648788,0.011901433,0.013450487
ALRU31DB,ALRU,31,A,Temp,down,7,3/29/18,0.010080867,0.009427995,0.010760464
ALRU31DB,ALRU,31,A,Temp,down,18,4/9/18,0.002234486,0.002066905,0.002413242
ALRU31DB,ALRU,31,A,Temp,down,21,4/12/18,0.00173118,0.00161904,0.001853932
ALRU31DB,ALRU,31,A,Temp,down,28,4/19/18,0.000598351,0.000553078,0.000646416
ALRU31DB,ALRU,31,A,Temp,down,35,4/26/18,0.000362876,0.000323245,0.000406412
ALRU31DB,ALRU,31,A,Temp,down,42,5/3/18,0.000221758,0.000166545,0.000278973
ALRU31DB,ALRU,31,A,Temp,down,50,5/11/18,0.000207592,0.000178702,0.000238461
ALRU31DC,ALRU,31,A,Temp,down,0,3/22/18,0.015024705,0.014097107,0.016009023
ALRU31DC,ALRU,31,A,Temp,down,3,3/25/18,0.011806578,0.011088983,0.012559387
ALRU31DC,ALRU,31,A,Temp,down,7,3/29/18,0.010153885,0.00949671,0.010847783
ALRU31DC,ALRU,31,A,Temp,down,18,4/9/18,0.002227805,0.002076322,0.002389869
ALRU31DC,ALRU,31,A,Temp,down,21,4/12/18,0.002163219,0.002023694,0.002312896
ALRU31DC,ALRU,31,A,Temp,down,28,4/19/18,0.001468451,0.001371604,0.001572431
ALRU31DC,ALRU,31,A,Temp,down,35,4/26/18,0.000686925,0.000631846,0.000746429
ALRU31DC,ALRU,31,A,Temp,down,42,5/3/18,0.000435804,0.000375651,0.000497474
ALRU31DC,ALRU,31,A,Temp,down,50,5/11/18,0.000144092,9.90E-05,0.000190231
ALRU31DD,ALRU,31,A,Temp,down,0,3/22/18,0.009982046,0.009375507,0.010633338
ALRU31DD,ALRU,31,A,Temp,down,3,3/25/18,0.008149714,0.007667663,0.00867932
ALRU31DD,ALRU,31,A,Temp,down,7,3/29/18,0.007045394,0.006623049,0.007500297
ALRU31DD,ALRU,31,A,Temp,down,18,4/9/18,0.002706213,0.00253929,0.002885044
ALRU31DD,ALRU,31,A,Temp,down,21,4/12/18,0.001943168,0.001825739,0.002069419
ALRU31DD,ALRU,31,A,Temp,down,28,4/19/18,0.001155996,0.001065747,0.001247979
ALRU31DD,ALRU,31,A,Temp,down,35,4/26/18,0.000502096,0.000464474,0.000542725
ALRU31DD,ALRU,31,A,Temp,down,42,5/3/18,0.000331248,0.000286283,0.000378381
ALRU31DD,ALRU,31,A,Temp,down,50,5/11/18,8.59E-05,5.48E-05,0.000118236
ALRU31UA,ALRU,31,A,Temp,up,0,9/11/18,5.51E-05,-3.35E-06,0.000112733
ALRU31UA,ALRU,31,A,Temp,up,7,9/18/18,2.80E-06,-3.83E-05,4.52E-05
ALRU31UA,ALRU,31,A,Temp,up,14,9/25/18,8.04E-06,-4.08E-05,5.78E-05
ALRU31UA,ALRU,31,A,Temp,up,28,10/9/18,7.91E-05,3.33E-05,0.000125682
ALRU31UA,ALRU,31,A,Temp,up,35,10/16/18,5.71E-05,9.46E-06,0.000107506
ALRU31UA,ALRU,31,A,Temp,up,42,10/23/18,8.66E-05,4.19E-05,0.000132097
ALRU31UA,ALRU,31,A,Temp,up,49,10/30/18,8.24E-05,3.72E-05,0.000129797
ALRU31UA,ALRU,31,A,Temp,up,56,11/6/18,8.53E-05,4.14E-05,0.000129306
ALRU31UA,ALRU,31,A,Temp,up,63,11/13/18,4.88E-05,6.37E-06,9.36E-05
ALRU31UA,ALRU,31,A,Temp,up,70,11/20/18,4.56E-05,-4.25E-06,9.58E-05
ALRU31UA,ALRU,31,A,Temp,up,77,11/27/18,-0.000297323,-0.000346603,-0.000248353
ALRU31UA,ALRU,31,A,Temp,up,84,12/4/18,3.29E-05,-2.21E-05,8.92E-05
ALRU31UA,ALRU,31,A,Temp,up,97,12/17/18,9.39E-05,5.41E-05,0.000136124
ALRU31UA,ALRU,31,A,Temp,up,118,1/7/19,0.000711148,0.00064319,0.000783769
ALRU31UA,ALRU,31,A,Temp,up,126,1/15/19,0.001725595,0.001597346,0.001865684
ALRU31UA,ALRU,31,A,Temp,up,139,1/28/19,0.003400318,0.003185953,0.003629682
ALRU31UA,ALRU,31,A,Temp,up,146,2/4/19,0.005362173,0.005036957,0.005713977
ALRU31UA,ALRU,31,A,Temp,up,153,2/11/19,0.009027745,0.00849157,0.009601343
ALRU31UA,ALRU,31,A,Temp,up,167,2/25/19,0.016137455,0.015185832,0.017171545
ALRU31UA,ALRU,31,A,Temp,up,175,3/5/19,0.021350954,0.020090332,0.02272971
ALRU31UB,ALRU,31,A,Temp,up,0,3/22/18,-6.36E-05,-0.000150934,3.05E-05
ALRU31UB,ALRU,31,A,Temp,up,3,3/25/18,0.000133152,3.99E-05,0.00024359
ALRU31UB,ALRU,31,A,Temp,up,7,3/29/18,7.63E-05,-1.90E-05,0.00018599
ALRU31UB,ALRU,31,A,Temp,up,21,4/12/18,2.73E-05,-8.21E-05,0.000156249
ALRU31UB,ALRU,31,A,Temp,up,28,4/19/18,-1.98E-05,-9.88E-05,5.84E-05
ALRU31UB,ALRU,31,A,Temp,up,35,4/26/18,0.000103227,1.63E-05,0.000193076
ALRU31UB,ALRU,31,A,Temp,up,42,5/3/18,0.000219836,0.000135317,0.000307803
ALRU31UB,ALRU,31,A,Temp,up,50,5/11/18,0.000152231,7.42E-05,0.000234442
ALRU31UB,ALRU,31,A,Temp,up,56,5/17/18,0.000451366,0.000387236,0.000518204
ALRU31UB,ALRU,31,A,Temp,up,63,5/24/18,0.000666147,0.000592999,0.000744375
ALRU31UB,ALRU,31,A,Temp,up,84,6/14/18,0.000459547,0.000388925,0.000533001
ALRU31UB,ALRU,31,A,Temp,up,91,6/21/18,0.001262312,0.001166361,0.001365845
ALRU31UB,ALRU,31,A,Temp,up,98,6/28/18,0.001018784,0.000934935,0.001108152
ALRU31UB,ALRU,31,A,Temp,up,106,7/6/18,0.001983253,0.00185526,0.002121037
ALRU31UB,ALRU,31,A,Temp,up,112,7/12/18,0.005309898,0.00499289,0.005654069
ALRU31UB,ALRU,31,A,Temp,up,118,7/18/18,0.012121657,0.011386622,0.012912751
ALRU31UB,ALRU,31,A,Temp,up,125,7/25/18,0.023264592,0.021897374,0.024740465
ALRU31UB,ALRU,31,A,Temp,up,134,8/3/18,0.030177923,0.028438567,0.032041307
ALRU31UB,ALRU,31,A,Temp,up,148,8/17/18,0.025049782,0.023586948,0.026651446
ALRU31UB,ALRU,31,A,Temp,up,162,8/31/18,0.031553033,0.029649418,0.033596449
ALRU31UC,ALRU,31,A,Temp,up,0,3/22/18,4.76E-05,-5.51E-05,0.000156492
ALRU31UC,ALRU,31,A,Temp,up,3,3/25/18,0.000274957,4.82E-05,0.00050352
ALRU31UC,ALRU,31,A,Temp,up,7,3/29/18,-9.96E-05,-0.0001846,-2.51E-06
ALRU31UC,ALRU,31,A,Temp,up,21,4/12/18,0.000121238,1.94E-05,0.000241964
ALRU31UC,ALRU,31,A,Temp,up,28,4/19/18,-8.86E-05,-0.00017839,2.43E-06
ALRU31UC,ALRU,31,A,Temp,up,35,4/26/18,0.000139582,5.78E-05,0.000225719
ALRU31UC,ALRU,31,A,Temp,up,42,5/3/18,0.000125874,4.03E-05,0.000212698
ALRU31UC,ALRU,31,A,Temp,up,50,5/11/18,7.05E-06,-6.70E-05,8.24E-05
ALRU31UC,ALRU,31,A,Temp,up,56,5/17/18,9.44E-05,2.62E-05,0.000164345
ALRU31UC,ALRU,31,A,Temp,up,63,5/24/18,5.45E-05,-1.14E-05,0.000123741
ALRU31UC,ALRU,31,A,Temp,up,84,6/14/18,0.000231592,0.000158066,0.000309601
ALRU31UC,ALRU,31,A,Temp,up,91,6/21/18,0.000352022,0.000288891,0.00042358
ALRU31UC,ALRU,31,A,Temp,up,98,6/28/18,0.000902532,0.000830122,0.000978484
ALRU31UC,ALRU,31,A,Temp,up,106,7/6/18,0.002078431,0.001940486,0.002223046
ALRU31UC,ALRU,31,A,Temp,up,112,7/12/18,0.008762893,0.008242361,0.009322605
ALRU31UC,ALRU,31,A,Temp,up,118,7/18/18,0.020965032,0.019721037,0.022296415
ALRU31UC,ALRU,31,A,Temp,up,125,7/25/18,0.029156871,0.027439367,0.031006889
ALRU31UC,ALRU,31,A,Temp,up,134,8/3/18,0.024453607,0.02302726,0.025987944
ALRU31UC,ALRU,31,A,Temp,up,148,8/17/18,0.021343292,0.020072051,0.022701622
ALRU31UC,ALRU,31,A,Temp,up,162,8/31/18,0.029123387,0.027405442,0.030970552
GLSE21DA,GLSE,21,R,Trop,down,0,9/3/19,0.007460104,0.007147696,0.007775705
GLSE21DA,GLSE,21,R,Trop,down,3,9/6/19,0.006173578,0.005912727,0.006438614
GLSE21DA,GLSE,21,R,Trop,down,7,9/10/19,0.006512721,0.006243748,0.006785038
GLSE21DA,GLSE,21,R,Trop,down,14,9/17/19,0.005974011,0.005730713,0.006222888
GLSE21DA,GLSE,21,R,Trop,down,22,9/25/19,0.005112005,0.004892366,0.005333259
GLSE21DA,GLSE,21,R,Trop,down,41,10/14/19,0.001920326,0.001821847,0.002021905
GLSE21DA,GLSE,21,R,Trop,down,57,10/30/19,-4.73E-05,-0.000385122,0.000296158
GLSE21DB,GLSE,21,R,Trop,down,0,9/3/19,0.000434736,0.000228936,0.000657936
GLSE21DB,GLSE,21,R,Trop,down,3,9/6/19,0.000843028,0.00049872,0.001214091
GLSE21DB,GLSE,21,R,Trop,down,7,9/10/19,0.000241549,-8.66E-06,0.000516208
GLSE21DC,GLSE,21,R,Trop,down,0,9/3/19,0.004635444,0.004324599,0.004958708
GLSE21DC,GLSE,21,R,Trop,down,3,9/6/19,0.002673825,0.002354862,0.003016778
GLSE21DC,GLSE,21,R,Trop,down,7,9/10/19,0.001002047,0.000790184,0.001240706
GLSE21DC,GLSE,21,R,Trop,down,14,9/17/19,0.000152796,-2.62E-05,0.000342127
GLSE21DD,GLSE,21,R,Trop,down,0,10/25/19,0.007288851,0.006758053,0.007879317
GLSE21DD,GLSE,21,R,Trop,down,3,10/28/19,0.003554013,0.003156023,0.003989951
GLSE21DD,GLSE,21,R,Trop,down,7,11/1/19,0.004549831,0.004328155,0.004775227
GLSE21DD,GLSE,21,R,Trop,down,13,11/7/19,0.002599345,0.00243717,0.002763518
GLSE21DD,GLSE,21,R,Trop,down,21,11/15/19,0.001681081,0.00152246,0.001842551
GLSE21DD,GLSE,21,R,Trop,down,32,11/26/19,0.001112064,0.000864464,0.001381267
GLSE21UA,GLSE,21,R,Trop,up,0,6/4/19,0.000182641,1.58E-05,0.000376934
GLSE21UA,GLSE,21,R,Trop,up,22,6/26/19,0.000250575,0.000132382,0.000389594
GLSE21UA,GLSE,21,R,Trop,up,28,7/2/19,-0.000169649,-0.000287213,-5.01E-05
GLSE21UA,GLSE,21,R,Trop,up,35,7/9/19,-0.000253874,-0.000388109,-0.000119247
GLSE21UA,GLSE,21,R,Trop,up,43,7/17/19,-2.10E-05,-0.000163001,0.000129694
GLSE21UA,GLSE,21,R,Trop,up,49,7/23/19,9.28E-05,-7.72E-05,0.000274471
GLSE21UA,GLSE,21,R,Trop,up,56,7/30/19,0.000436237,0.000217873,0.000676619
GLSE21UA,GLSE,21,R,Trop,up,63,8/6/19,0.000360537,0.000136292,0.00062811
GLSE21UA,GLSE,21,R,Trop,up,70,8/13/19,0.000700453,0.0004425,0.000969635
GLSE21UA,GLSE,21,R,Trop,up,77,8/21/19,0.000889956,0.000736597,0.001046624
GLSE21UA,GLSE,21,R,Trop,up,86,8/30/19,0.001486792,0.001304588,0.0016732
GLSE21UA,GLSE,21,R,Trop,up,99,9/12/19,0.001023888,0.000865147,0.001188799
GLSE21UB,GLSE,21,R,Trop,up,0,6/4/19,0.000318786,-1.95E-05,0.000689575
GLSE21UB,GLSE,21,R,Trop,up,22,6/26/19,0.000133248,-0.000111034,0.000430954
GLSE21UB,GLSE,21,R,Trop,up,28,7/2/19,0.000264139,3.79E-05,0.000490912
GLSE21UB,GLSE,21,R,Trop,up,35,7/9/19,-0.000241598,-0.000466787,-1.19E-05
GLSE21UB,GLSE,21,R,Trop,up,45,7/19/19,-0.000164233,-0.000325583,5.06E-06
GLSE21UB,GLSE,21,R,Trop,up,52,7/26/19,0.000155777,-7.27E-05,0.000407497
GLSE21UB,GLSE,21,R,Trop,up,63,8/6/19,0.00029923,-7.01E-05,0.000736625
GLSE21UB,GLSE,21,R,Trop,up,70,8/13/19,7.20E-05,-0.000192568,0.00033849
GLSE21UB,GLSE,21,R,Trop,up,78,8/21/19,-0.000159881,-0.000367023,5.40E-05
GLSE21UB,GLSE,21,R,Trop,up,94,9/6/19,-9.52E-05,-0.000364684,0.000204486
GLSE21UB,GLSE,21,R,Trop,up,108,9/20/19,4.83E-05,-0.000154768,0.000255302
GLSE21UB,GLSE,21,R,Trop,up,139,10/21/19,0.003192344,0.002974095,0.003423134
GLSE21UB,GLSE,21,R,Trop,up,151,11/2/19,0.00153061,0.001364504,0.001705011
GLSE21UB,GLSE,21,R,Trop,up,161,11/12/19,0.001359561,0.00120409,0.001527952
GLSE21UC,GLSE,21,R,Trop,up,0,6/4/19,0.000480548,0.000162379,0.000843937
GLSE21UC,GLSE,21,R,Trop,up,23,6/27/19,0.000280578,-9.65E-05,0.000683636
GLSE21UC,GLSE,21,R,Trop,up,28,7/2/19,0.000238236,-2.76E-05,0.000503639
GLSE21UC,GLSE,21,R,Trop,up,35,7/9/19,0.000194693,-8.71E-05,0.000485068
GLSE21UC,GLSE,21,R,Trop,up,45,7/19/19,8.96E-05,-0.000157311,0.000340262
GLSE21UC,GLSE,21,R,Trop,up,52,7/26/19,0.000181846,-0.000169252,0.000538326
GLSE21UC,GLSE,21,R,Trop,up,63,8/6/19,0.000153027,-0.000183421,0.000514855
GLSE21UC,GLSE,21,R,Trop,up,70,8/13/19,1.60E-05,-0.000242093,0.000274667
GLSE21UC,GLSE,21,R,Trop,up,78,8/21/19,0.000199483,-3.49E-05,0.000445951
GLSE21UC,GLSE,21,R,Trop,up,94,9/6/19,0.001283365,0.001002972,0.001594225
GLSE21UC,GLSE,21,R,Trop,up,108,9/20/19,0.003659933,0.003437567,0.003884383
GLSE21UC,GLSE,21,R,Trop,up,139,10/21/19,0.005870617,0.005568592,0.006175887
GLSE31DA,GLSE,31,R,Trop,down,0,10/21/18,0.02925854,0.028087403,0.030454504
GLSE31DA,GLSE,31,R,Trop,down,3,10/24/18,0.023537893,0.022547133,0.024527067
GLSE31DA,GLSE,31,R,Trop,down,7,10/28/18,0.015407585,0.014792404,0.016020003
GLSE31DA,GLSE,31,R,Trop,down,14,11/4/18,0.008761364,0.008256768,0.009285807
GLSE31DA,GLSE,31,R,Trop,down,21,11/11/18,0.003975116,0.003757649,0.004203652
GLSE31DA,GLSE,31,R,Trop,down,28,11/18/18,0.004141811,0.003929244,0.004359054
GLSE31DA,GLSE,31,R,Trop,down,35,11/25/18,0.004657365,0.004432673,0.004887132
GLSE31DA,GLSE,31,R,Trop,down,42,12/2/18,0.001025727,0.000908394,0.001152607
GLSE31DA,GLSE,31,R,Trop,down,49,12/9/18,0.000704648,0.000311133,0.001127048
GLSE31DB,GLSE,31,R,Trop,down,0,10/21/18,0.021176619,0.020311196,0.02203448
GLSE31DB,GLSE,31,R,Trop,down,3,10/24/18,0.009724613,0.009310304,0.010132494
GLSE31DB,GLSE,31,R,Trop,down,7,10/28/18,0.006229671,0.005962185,0.006493749
GLSE31DB,GLSE,31,R,Trop,down,14,11/4/18,0.005341812,0.004980108,0.005715314
GLSE31DB,GLSE,31,R,Trop,down,21,11/11/18,0.003509607,0.003286966,0.003742489
GLSE31DB,GLSE,31,R,Trop,down,28,11/18/18,0.003876628,0.003667799,0.004086837
GLSE31DB,GLSE,31,R,Trop,down,35,11/25/18,0.003655793,0.003481614,0.003830502
GLSE31DB,GLSE,31,R,Trop,down,42,12/2/18,0.000926206,0.000744588,0.001113023
GLSE31DB,GLSE,31,R,Trop,down,58,12/18/18,0.000201138,6.53E-07,0.00040398
GLSE31DC,GLSE,31,R,Trop,down,0,10/21/18,0.037233696,0.035716073,0.038754374
GLSE31DC,GLSE,31,R,Trop,down,3,10/24/18,0.021612329,0.020732455,0.022492013
GLSE31DC,GLSE,31,R,Trop,down,7,10/28/18,0.01039239,0.009968119,0.010819297
GLSE31DC,GLSE,31,R,Trop,down,14,11/4/18,0.009993951,0.009527905,0.010466274
GLSE31DC,GLSE,31,R,Trop,down,21,11/11/18,0.008059308,0.007711723,0.008408657
GLSE31DC,GLSE,31,R,Trop,down,28,11/18/18,0.005414612,0.005181006,0.005655981
GLSE31DC,GLSE,31,R,Trop,down,35,11/25/18,4.50E-05,-4.40E-05,0.000163576
GLSE31DC,GLSE,31,R,Trop,down,42,12/2/18,0.000159751,6.33E-05,0.000264716
GLSE31DD,GLSE,31,R,Trop,down,0,10/21/18,0.021339194,0.020462398,0.022239764
GLSE31DD,GLSE,31,R,Trop,down,3,10/24/18,0.011571716,0.011097291,0.012064238
GLSE31DD,GLSE,31,R,Trop,down,7,10/28/18,0.009272019,0.008902412,0.009643476
GLSE31DD,GLSE,31,R,Trop,down,14,11/4/18,0.00701432,0.006629512,0.007420073
GLSE31DD,GLSE,31,R,Trop,down,21,11/11/18,0.009422415,0.008924167,0.009927945
GLSE31DD,GLSE,31,R,Trop,down,28,11/18/18,0.005921632,0.005659207,0.006183426
GLSE31DD,GLSE,31,R,Trop,down,35,11/25/18,0.003483074,0.003302172,0.003668148
GLSE31DD,GLSE,31,R,Trop,down,42,12/2/18,0.002057464,0.00183381,0.002286857
GLSE31DD,GLSE,31,R,Trop,down,49,12/9/18,0.002456378,0.002256708,0.002663507
GLSE31DD,GLSE,31,R,Trop,down,58,12/18/18,0.002073784,0.00188712,0.002267322
GLSE31DD,GLSE,31,R,Trop,down,77,1/6/19,0.001244985,0.001101795,0.001392431
GLSE31DD,GLSE,31,R,Trop,down,85,1/14/19,0.000896836,0.000787505,0.001009389
GLSE31DD,GLSE,31,R,Trop,down,92,1/21/19,0.000313753,1.61E-05,0.000620914
GLSE31UA,GLSE,31,R,Trop,up,0,9/12/18,-0.000463502,-0.000815035,-0.000113603
GLSE31UA,GLSE,31,R,Trop,up,7,9/19/18,0.000176645,2.96E-05,0.000328858
GLSE31UA,GLSE,31,R,Trop,up,14,9/26/18,-0.000115242,-0.000268279,5.02E-05
GLSE31UA,GLSE,31,R,Trop,up,23,10/5/18,4.35E-05,-0.000119802,0.000211318
GLSE31UA,GLSE,31,R,Trop,up,28,10/10/18,0.000165369,-1.57E-05,0.000349351
GLSE31UA,GLSE,31,R,Trop,up,35,10/17/18,0.000302863,0.000117756,0.000504855
GLSE31UA,GLSE,31,R,Trop,up,42,10/24/18,0.000272765,-2.87E-05,0.000582196
GLSE31UA,GLSE,31,R,Trop,up,48,10/30/18,0.001393882,0.001069289,0.001728616
GLSE31UA,GLSE,31,R,Trop,up,63,11/14/18,0.001399763,0.001184325,0.001621239
GLSE31UA,GLSE,31,R,Trop,up,70,11/21/18,0.004085259,0.003772777,0.004398591
GLSE31UA,GLSE,31,R,Trop,up,77,11/28/18,0.007399222,0.007056203,0.007737846
GLSE31UA,GLSE,31,R,Trop,up,84,12/5/18,0.006818506,0.006466734,0.007173226
GLSE31UA,GLSE,31,R,Trop,up,96,12/17/18,0.007811134,0.007421449,0.008207815
GLSE31UA,GLSE,31,R,Trop,up,118,1/8/19,0.00709565,0.006727989,0.007460094
GLSE31UA,GLSE,31,R,Trop,up,125,1/15/19,0.007374961,0.006698221,0.008079706
GLSE31UA,GLSE,31,R,Trop,up,139,1/29/19,0.019172979,0.018219889,0.020164361
GLSE31UA,GLSE,31,R,Trop,up,146,2/5/19,0.015047772,0.014279881,0.015825779
GLSE31UB,GLSE,31,R,Trop,up,0,9/12/18,-0.000348238,-0.000508513,-0.000189598
GLSE31UB,GLSE,31,R,Trop,up,7,9/19/18,-0.000169039,-0.000279229,-5.47E-05
GLSE31UB,GLSE,31,R,Trop,up,14,9/26/18,3.79E-05,-9.02E-05,0.000171308
GLSE31UB,GLSE,31,R,Trop,up,23,10/5/18,0.000226005,0.000110697,0.000344198
GLSE31UB,GLSE,31,R,Trop,up,28,10/10/18,0.000594573,0.000472069,0.000719831
GLSE31UB,GLSE,31,R,Trop,up,35,10/17/18,0.001329189,0.001199792,0.001471182
GLSE31UB,GLSE,31,R,Trop,up,42,10/24/18,0.002534299,0.002368905,0.002700247
GLSE31UB,GLSE,31,R,Trop,up,49,10/31/18,0.001656536,0.001502744,0.0018126
GLSE31UB,GLSE,31,R,Trop,up,56,11/7/18,0.001073802,0.000986041,0.001166454
GLSE31UB,GLSE,31,R,Trop,up,63,11/14/18,0.003082145,0.002832096,0.003335372
GLSE31UB,GLSE,31,R,Trop,up,70,11/21/18,0.003805167,0.003563358,0.004050399
GLSE31UB,GLSE,31,R,Trop,up,77,11/28/18,0.005798778,0.005540098,0.006061939
GLSE31UB,GLSE,31,R,Trop,up,84,12/5/18,0.005828292,0.005556233,0.006110195
GLSE31UB,GLSE,31,R,Trop,up,96,12/17/18,0.00748623,0.007160447,0.007814971
GLSE31UB,GLSE,31,R,Trop,up,118,1/8/19,0.006728377,0.006412253,0.007055063
GLSE31UC,GLSE,31,R,Trop,up,0,9/12/18,0.000236135,-1.11E-06,0.000477012
GLSE31UC,GLSE,31,R,Trop,up,7,9/19/18,6.18E-05,-6.39E-05,0.000194432
GLSE31UC,GLSE,31,R,Trop,up,14,9/26/18,-2.34E-05,-0.000157018,0.000112341
GLSE31UC,GLSE,31,R,Trop,up,28,10/10/18,1.30E-05,-0.00011329,0.000142371
GLSE31UC,GLSE,31,R,Trop,up,35,10/17/18,-3.97E-05,-0.000198727,0.00012755
GLSE31UC,GLSE,31,R,Trop,up,42,10/24/18,-0.000117763,-0.000254724,2.09E-05
GLSE31UC,GLSE,31,R,Trop,up,49,10/31/18,-7.66E-05,-0.000233481,8.46E-05
GLSE31UC,GLSE,31,R,Trop,up,56,11/7/18,-0.000224318,-0.000438306,-8.50E-06
GLSE31UC,GLSE,31,R,Trop,up,63,11/14/18,-0.00019334,-0.000453213,6.13E-05
GLSE31UC,GLSE,31,R,Trop,up,70,11/21/18,0.000701026,0.000480676,0.000927709
GLSE31UC,GLSE,31,R,Trop,up,77,11/28/18,0.000768324,0.000576682,0.000963801
GLSE31UC,GLSE,31,R,Trop,up,84,12/5/18,0.000950936,0.000735491,0.001173806
GLSE31UC,GLSE,31,R,Trop,up,96,12/17/18,0.002160284,0.001872489,0.002453682
GLSE31UC,GLSE,31,R,Trop,up,118,1/8/19,0.003964845,0.003716214,0.00421863
GLSE31UC,GLSE,31,R,Trop,up,125,1/15/19,0.002896758,0.002660807,0.003135974
GLSE31UC,GLSE,31,R,Trop,up,139,1/29/19,0.007547994,0.007181415,0.007926588
GLSE31UC,GLSE,31,R,Trop,up,146,2/5/19,0.008309428,0.007900305,0.008721327
GLSE31UD,GLSE,31,R,Trop,up,0,9/12/18,-0.000164363,-0.000340835,1.05E-05
GLSE31UD,GLSE,31,R,Trop,up,7,9/19/18,-0.000135641,-0.000282559,1.30E-05
GLSE31UD,GLSE,31,R,Trop,up,14,9/26/18,0.000153569,2.54E-05,0.000282494
GLSE31UD,GLSE,31,R,Trop,up,28,10/10/18,0.002500218,0.002356736,0.002644467
GLSE31UD,GLSE,31,R,Trop,up,35,10/17/18,0.003912996,0.003706083,0.004119331
GLSE31UD,GLSE,31,R,Trop,up,42,10/24/18,0.006144066,0.005825161,0.006477826
GLSE31UD,GLSE,31,R,Trop,up,49,10/31/18,0.006536237,0.006252092,0.006826168
GLSE31UD,GLSE,31,R,Trop,up,56,11/7/18,0.014409713,0.013802462,0.015018827
GLSE31UD,GLSE,31,R,Trop,up,63,11/14/18,0.010763499,0.01026311,0.011271724
GLSE31UD,GLSE,31,R,Trop,up,70,11/21/18,0.008519918,0.008101084,0.00894073
GLSE31UD,GLSE,31,R,Trop,up,77,11/28/18,0.008200871,0.007828249,0.008580485
GLSE31UD,GLSE,31,R,Trop,up,84,12/5/18,0.009639463,0.009198312,0.01008756
GLSE31UD,GLSE,31,R,Trop,up,96,12/17/18,0.010667904,0.010203298,0.011133939
GLSE31UE,GLSE,31,R,Trop,up,0,9/12/18,0.000107552,-1.01E-05,0.000227123
GLSE31UE,GLSE,31,R,Trop,up,7,9/19/18,-4.02E-05,-0.000144937,6.69E-05
GLSE31UE,GLSE,31,R,Trop,up,14,9/26/18,-0.000161006,-0.000272054,-4.59E-05
GLSE31UE,GLSE,31,R,Trop,up,28,10/10/18,4.81E-05,-4.79E-05,0.000148362
GLSE31UE,GLSE,31,R,Trop,up,35,10/17/18,0.000602386,0.000400999,0.000814645
GLSE31UE,GLSE,31,R,Trop,up,42,10/24/18,0.001899963,0.001676828,0.002128031
GLSE31UE,GLSE,31,R,Trop,up,49,10/31/18,0.00202677,0.001859442,0.002198295
GLSE31UE,GLSE,31,R,Trop,up,56,11/7/18,0.002496348,0.002322472,0.002679909
GLSE31UE,GLSE,31,R,Trop,up,63,11/14/18,0.007269788,0.006919724,0.007622031
GLSE31UE,GLSE,31,R,Trop,up,70,11/21/18,0.009517715,0.009114416,0.009938412
GLSE31UE,GLSE,31,R,Trop,up,77,11/28/18,0.011388078,0.0109085,0.011874928
GLSE31UE,GLSE,31,R,Trop,up,84,12/5/18,0.0165124,0.015832177,0.017203757
GLSE31UE,GLSE,31,R,Trop,up,96,12/18/18,0.013081791,0.012495436,0.013698904
GLSE31UE,GLSE,31,R,Trop,up,118,1/8/19,0.013205027,0.012647878,0.013764241
GLSE31UF,GLSE,31,R,Trop,up,0,9/19/18,-0.000161597,-0.000336517,1.74E-05
GLSE31UF,GLSE,31,R,Trop,up,7,9/26/18,-0.0002,-0.000340277,-5.59E-05
GLSE31UF,GLSE,31,R,Trop,up,21,10/10/18,0.000336913,0.000177969,0.000500245
GLSE31UF,GLSE,31,R,Trop,up,28,10/17/18,-7.06E-05,-0.00024694,0.000120994
GLSE31UF,GLSE,31,R,Trop,up,36,10/25/18,-0.000159499,-0.00030206,-9.79E-06
GLSE31UF,GLSE,31,R,Trop,up,42,10/31/18,0.000234672,2.46E-05,0.000449162
GLSE31UF,GLSE,31,R,Trop,up,49,11/7/18,-0.000260544,-0.000480258,-4.71E-05
GLSE31UF,GLSE,31,R,Trop,up,56,11/14/18,0.000241112,-3.49E-05,0.000508695
GLSE31UF,GLSE,31,R,Trop,up,63,11/21/18,0.000398513,0.000145168,0.000649572
GLSE31UF,GLSE,31,R,Trop,up,70,11/28/18,0.000571609,0.000352966,0.000795927
GLSE31UF,GLSE,31,R,Trop,up,77,12/5/18,0.000417174,0.000211856,0.000621619
GLSE31UF,GLSE,31,R,Trop,up,89,12/18/18,0.000547054,0.000271593,0.000822309
GLSE31UF,GLSE,31,R,Trop,up,111,1/8/19,0.006783391,0.006407231,0.007165818
GLSE31UF,GLSE,31,R,Trop,up,118,1/15/19,0.009389357,0.008871987,0.009933506
GLSE31UF,GLSE,31,R,Trop,up,132,1/29/19,0.0121188,0.011592673,0.012653755
GLSE31UF,GLSE,31,R,Trop,up,139,2/5/19,0.015668262,0.014737288,0.016603832
MOCE21DA,MOCE,21,A,Trop,down,0,8/20/19,0.031433674,0.029642707,0.033316238
MOCE21DA,MOCE,21,A,Trop,down,3,8/23/19,0.020787933,0.019634959,0.021979089
MOCE21DA,MOCE,21,A,Trop,down,7,8/27/19,0.016236066,0.015300221,0.017210864
MOCE21DA,MOCE,21,A,Trop,down,14,9/3/19,0.013797384,0.013003311,0.014631034
MOCE21DA,MOCE,21,A,Trop,down,22,9/11/19,0.007194764,0.006797063,0.007614711
MOCE21DA,MOCE,21,A,Trop,down,36,9/25/19,0.005348627,0.005049081,0.005667779
MOCE21DA,MOCE,21,A,Trop,down,56,10/15/19,0.003545484,0.003341948,0.003764088
MOCE21DA,MOCE,21,A,Trop,down,71,10/30/19,0.001193915,0.000972882,0.001427768
MOCE21DA,MOCE,21,A,Trop,down,82,11/10/19,0.00028156,0.000218301,0.000348768
MOCE21DB,MOCE,21,A,Trop,down,0,8/20/19,0.023725044,0.022379271,0.025115131
MOCE21DB,MOCE,21,A,Trop,down,3,8/23/19,0.016890439,0.015935214,0.017899698
MOCE21DB,MOCE,21,A,Trop,down,7,8/27/19,0.021434792,0.020245285,0.022691485
MOCE21DB,MOCE,21,A,Trop,down,14,9/3/19,0.015610444,0.014749389,0.016532072
MOCE21DB,MOCE,21,A,Trop,down,22,9/11/19,0.012230086,0.011552517,0.01294948
MOCE21DB,MOCE,21,A,Trop,down,36,9/25/19,0.00256305,0.002420755,0.002713647
MOCE21DB,MOCE,21,A,Trop,down,56,10/15/19,0.00110959,0.001034942,0.001189289
MOCE21DB,MOCE,21,A,Trop,down,71,10/30/19,0.000320347,0.000207315,0.000443188
MOCE21DC,MOCE,21,A,Trop,down,0,8/20/19,0.036744,0.034714614,0.038885279
MOCE21DC,MOCE,21,A,Trop,down,3,8/23/19,0.03320687,0.031368986,0.035168374
MOCE21DC,MOCE,21,A,Trop,down,7,8/27/19,0.03514114,0.033175763,0.03722272
MOCE21DC,MOCE,21,A,Trop,down,14,9/3/19,0.025331292,0.023929564,0.026777528
MOCE21DC,MOCE,21,A,Trop,down,22,9/11/19,0.014705502,0.01390474,0.015558582
MOCE21DC,MOCE,21,A,Trop,down,36,9/25/19,0.007922167,0.007479326,0.008376225
MOCE21DC,MOCE,21,A,Trop,down,56,10/15/19,0.005502995,0.005202049,0.005815371
MOCE21DC,MOCE,21,A,Trop,down,71,10/30/19,0.003210458,0.003028455,0.0034024
MOCE21DC,MOCE,21,A,Trop,down,82,11/10/19,0.001801672,0.001693782,0.001916785
MOCE21DC,MOCE,21,A,Trop,down,98,11/26/19,4.35E-05,-1.30E-05,0.000114521
MOCE21DD,MOCE,21,A,Trop,down,0,8/20/19,0.040621164,0.038271278,0.043102716
MOCE21DD,MOCE,21,A,Trop,down,3,8/23/19,0.031058859,0.02933665,0.032872563
MOCE21DD,MOCE,21,A,Trop,down,7,8/27/19,0.031958762,0.030187981,0.033796149
MOCE21DD,MOCE,21,A,Trop,down,14,9/3/19,0.017298551,0.016278607,0.018383536
MOCE21DD,MOCE,21,A,Trop,down,22,9/11/19,0.011789464,0.011127413,0.012480203
MOCE21DD,MOCE,21,A,Trop,down,36,9/25/19,0.007549536,0.007117248,0.008008519
MOCE21DD,MOCE,21,A,Trop,down,56,10/15/19,0.000551654,0.00048814,0.000629956
MOCE21DD,MOCE,21,A,Trop,down,71,10/30/19,0.000328066,0.00022951,0.00043691
MOCE21UA,MOCE,21,A,Trop,up,0,5/7/19,-2.55E-05,-9.52E-05,4.80E-05
MOCE21UA,MOCE,21,A,Trop,up,8,5/15/19,-8.71E-05,-0.000195648,2.07E-05
MOCE21UA,MOCE,21,A,Trop,up,28,6/4/19,-1.10E-05,-8.57E-05,7.16E-05
MOCE21UA,MOCE,21,A,Trop,up,51,6/27/19,7.17E-05,-2.59E-05,0.000185945
MOCE21UA,MOCE,21,A,Trop,up,57,7/3/19,-1.21E-05,-6.90E-05,4.84E-05
MOCE21UA,MOCE,21,A,Trop,up,63,7/9/19,-5.10E-06,-6.45E-05,5.64E-05
MOCE21UA,MOCE,21,A,Trop,up,71,7/17/19,5.28E-05,5.65E-06,0.000105571
MOCE21UA,MOCE,21,A,Trop,up,77,7/23/19,0.000100615,2.63E-05,0.000179192
MOCE21UA,MOCE,21,A,Trop,up,84,7/30/19,-4.28E-05,-0.000138687,6.77E-05
MOCE21UA,MOCE,21,A,Trop,up,91,8/6/19,-6.92E-05,-0.000159583,3.01E-05
MOCE21UA,MOCE,21,A,Trop,up,97,8/12/19,0.000102305,-2.04E-05,0.000232476
MOCE21UA,MOCE,21,A,Trop,up,106,8/21/19,-0.000385948,-0.000492122,-0.000274232
MOCE21UA,MOCE,21,A,Trop,up,115,8/30/19,-7.46E-05,-0.000172639,2.44E-05
MOCE21UA,MOCE,21,A,Trop,up,127,9/11/19,0.001853649,0.001717748,0.00199457
MOCE21UA,MOCE,21,A,Trop,up,136,9/20/19,0.006514846,0.006149201,0.006898001
MOCE21UA,MOCE,21,A,Trop,up,163,10/17/19,0.040091418,0.037790833,0.042478405
MOCE21UA,MOCE,21,A,Trop,up,178,11/1/19,0.031758628,0.029969848,0.03363219
MOCE21UA,MOCE,21,A,Trop,up,187,11/10/19,0.02961695,0.028001072,0.031320702
MOCE21UB,MOCE,21,A,Trop,up,0,5/7/19,6.36E-05,-7.87E-06,0.000140229
MOCE21UB,MOCE,21,A,Trop,up,28,6/4/19,7.00E-05,1.33E-05,0.000136658
MOCE21UB,MOCE,21,A,Trop,up,51,6/27/19,4.33E-05,-4.12E-05,0.00014442
MOCE21UB,MOCE,21,A,Trop,up,57,7/3/19,-2.87E-05,-7.56E-05,1.88E-05
MOCE21UB,MOCE,21,A,Trop,up,64,7/10/19,-0.00011391,-0.000157542,-6.71E-05
MOCE21UB,MOCE,21,A,Trop,up,71,7/17/19,3.93E-05,-7.10E-06,8.97E-05
MOCE21UB,MOCE,21,A,Trop,up,77,7/23/19,0.000475491,0.00041415,0.000540131
MOCE21UB,MOCE,21,A,Trop,up,85,7/31/19,0.002174511,0.002037655,0.002318872
MOCE21UB,MOCE,21,A,Trop,up,91,8/6/19,0.006963814,0.006567397,0.007379493
MOCE21UB,MOCE,21,A,Trop,up,97,8/12/19,0.011133781,0.010509232,0.011779807
MOCE21UB,MOCE,21,A,Trop,up,106,8/21/19,0.018015386,0.016995408,0.019074282
MOCE21UB,MOCE,21,A,Trop,up,115,8/30/19,0.019643823,0.018556469,0.020789739
MOCE21UB,MOCE,21,A,Trop,up,127,9/11/19,0.022937602,0.021665526,0.024257214
MOCE21UB,MOCE,21,A,Trop,up,137,9/21/19,0.021982171,0.020777787,0.023261611
MOCE21UB,MOCE,21,A,Trop,up,163,10/17/19,0.021189513,0.020007725,0.02243475
MOCE21UC,MOCE,21,A,Trop,up,0,5/7/19,-3.58E-05,-0.000108556,4.02E-05
MOCE21UC,MOCE,21,A,Trop,up,28,6/4/19,-5.00E-05,-0.000123572,3.63E-05
MOCE21UC,MOCE,21,A,Trop,up,52,6/28/19,7.37E-05,-4.83E-06,0.000158418
MOCE21UC,MOCE,21,A,Trop,up,57,7/3/19,2.91E-05,-4.34E-05,0.000104062
MOCE21UC,MOCE,21,A,Trop,up,64,7/10/19,3.71E-05,-3.26E-05,0.000109685
MOCE21UC,MOCE,21,A,Trop,up,71,7/17/19,1.37E-05,-7.61E-05,0.000108283
MOCE21UC,MOCE,21,A,Trop,up,77,7/23/19,9.02E-05,1.34E-05,0.000172424
MOCE21UC,MOCE,21,A,Trop,up,85,7/31/19,-2.86E-05,-0.000105561,5.41E-05
MOCE21UC,MOCE,21,A,Trop,up,94,8/9/19,-3.12E-05,-0.000115325,6.25E-05
MOCE21UC,MOCE,21,A,Trop,up,104,8/19/19,0.000229708,0.000155794,0.000306424
MOCE21UC,MOCE,21,A,Trop,up,113,8/28/19,0.000276769,7.36E-05,0.000486005
MOCE21UC,MOCE,21,A,Trop,up,127,9/11/19,0.000542299,0.000455516,0.000629679
MOCE21UC,MOCE,21,A,Trop,up,137,9/21/19,0.000749698,0.000647502,0.000857918
MOCE21UC,MOCE,21,A,Trop,up,163,10/17/19,0.003523403,0.00327081,0.00379642
MOCE21UC,MOCE,21,A,Trop,up,179,11/2/19,0.001533008,0.001414515,0.00165602
MOCE21UC,MOCE,21,A,Trop,up,189,11/12/19,0.001995517,0.001829831,0.002171367
MOCE21UC,MOCE,21,A,Trop,up,203,11/26/19,0.001831004,0.00158584,0.002083453
MOCE21UD,MOCE,21,A,Trop,up,0,5/7/19,-6.26E-05,-0.000130993,9.88E-06
MOCE21UD,MOCE,21,A,Trop,up,28,6/4/19,2.44E-05,-4.93E-05,0.000108387
MOCE21UD,MOCE,21,A,Trop,up,52,6/28/19,0.000161176,8.01E-05,0.000248997
MOCE21UD,MOCE,21,A,Trop,up,57,7/3/19,0.000121387,5.27E-05,0.000190818
MOCE21UD,MOCE,21,A,Trop,up,64,7/10/19,-2.47E-05,-8.58E-05,3.90E-05
MOCE21UD,MOCE,21,A,Trop,up,73,7/19/19,-2.63E-05,-7.81E-05,2.76E-05
MOCE21UD,MOCE,21,A,Trop,up,80,7/26/19,-1.50E-05,-7.73E-05,5.12E-05
MOCE21UD,MOCE,21,A,Trop,up,94,8/9/19,3.08E-06,-8.22E-05,9.64E-05
MOCE21UD,MOCE,21,A,Trop,up,104,8/19/19,-3.58E-05,-9.10E-05,2.28E-05
MOCE21UD,MOCE,21,A,Trop,up,113,8/28/19,-5.28E-05,-0.000115362,9.87E-06
MOCE21UD,MOCE,21,A,Trop,up,127,9/11/19,1.87E-05,-8.17E-05,0.000134287
MOCE21UD,MOCE,21,A,Trop,up,137,9/21/19,2.07E-05,-5.50E-05,9.99E-05
MOCE21UD,MOCE,21,A,Trop,up,163,10/17/19,-8.32E-05,-0.000212848,4.87E-05
MOCE21UD,MOCE,21,A,Trop,up,179,11/2/19,0.001352806,0.001006991,0.001721402
MOCE21UD,MOCE,21,A,Trop,up,189,11/12/19,0.006699121,0.006316347,0.007100293
MOCE21UD,MOCE,21,A,Trop,up,203,11/26/19,0.016199782,0.015276089,0.017178177
MOCE31DA,MOCE,31,A,Trop,down,0,1/18/19,0.024200571,0.022807243,0.025675169
MOCE31DA,MOCE,31,A,Trop,down,3,1/21/19,0.023461738,0.022062894,0.024945191
MOCE31DA,MOCE,31,A,Trop,down,7,1/25/19,0.017521154,0.01651992,0.018566811
MOCE31DA,MOCE,31,A,Trop,down,14,2/1/19,0.009106004,0.008562734,0.009683533
MOCE31DA,MOCE,31,A,Trop,down,23,2/10/19,0.007148798,0.006747842,0.007568271
MOCE31DA,MOCE,31,A,Trop,down,28,2/15/19,0.008309939,0.007837618,0.008798958
MOCE31DA,MOCE,31,A,Trop,down,40,2/27/19,0.003221529,0.003030841,0.003418875
MOCE31DA,MOCE,31,A,Trop,down,50,3/9/19,0.001630446,0.001526411,0.001738279
MOCE31DA,MOCE,31,A,Trop,down,60,3/19/19,0.001081318,0.001010229,0.001154764
MOCE31DA,MOCE,31,A,Trop,down,74,4/2/19,0.000507847,0.000470577,0.000547714
MOCE31DA,MOCE,31,A,Trop,down,89,4/17/19,0.000303455,0.000272139,0.000341961
MOCE31DA,MOCE,31,A,Trop,down,116,5/14/19,0.000153589,0.00010511,0.00020871
MOCE31DB,MOCE,31,A,Trop,down,0,1/18/19,0.03490395,0.032857188,0.037028723
MOCE31DB,MOCE,31,A,Trop,down,3,1/21/19,0.023471084,0.022060118,0.02498505
MOCE31DB,MOCE,31,A,Trop,down,7,1/25/19,0.015580551,0.014642738,0.016579731
MOCE31DB,MOCE,31,A,Trop,down,14,2/1/19,0.008516924,0.007995206,0.009071079
MOCE31DB,MOCE,31,A,Trop,down,23,2/10/19,0.006744115,0.006355742,0.007152988
MOCE31DB,MOCE,31,A,Trop,down,28,2/15/19,0.006894691,0.006491515,0.007318712
MOCE31DB,MOCE,31,A,Trop,down,42,3/1/19,0.003615196,0.003409204,0.003830861
MOCE31DB,MOCE,31,A,Trop,down,50,3/9/19,0.003250467,0.003064565,0.003440867
MOCE31DB,MOCE,31,A,Trop,down,60,3/19/19,0.002825067,0.002659801,0.002998079
MOCE31DB,MOCE,31,A,Trop,down,74,4/2/19,0.002113374,0.001990095,0.002245335
MOCE31DB,MOCE,31,A,Trop,down,89,4/17/19,0.001097804,0.001030135,0.001169713
MOCE31DB,MOCE,31,A,Trop,down,116,5/14/19,6.98E-05,1.55E-05,0.000125148
MOCE31DC,MOCE,31,A,Trop,down,0,1/18/19,0.018033316,0.017022197,0.019099177
MOCE31DC,MOCE,31,A,Trop,down,3,1/21/19,0.002685241,0.002374476,0.00302088
MOCE31DC,MOCE,31,A,Trop,down,7,1/25/19,0.007390593,0.006938785,0.007859101
MOCE31DC,MOCE,31,A,Trop,down,14,2/1/19,0.000306402,0.000224562,0.000395653
MOCE31DC,MOCE,31,A,Trop,down,23,2/10/19,0.000496767,0.000437923,0.000562716
MOCE31DC,MOCE,31,A,Trop,down,28,2/15/19,0.000360141,0.00031331,0.000410624
MOCE31DC,MOCE,31,A,Trop,down,42,3/1/19,5.95E-05,2.64E-05,9.65E-05
MOCE31DD,MOCE,31,A,Trop,down,0,1/18/19,0.024137292,0.022767152,0.025572186
MOCE31DD,MOCE,31,A,Trop,down,3,1/21/19,0.020487625,0.01931808,0.02172225
MOCE31DD,MOCE,31,A,Trop,down,7,1/25/19,0.01347907,0.012705109,0.014297079
MOCE31DD,MOCE,31,A,Trop,down,14,2/1/19,0.011347271,0.010703516,0.012024137
MOCE31DD,MOCE,31,A,Trop,down,23,2/10/19,0.00483324,0.00454279,0.005128678
MOCE31DD,MOCE,31,A,Trop,down,28,2/15/19,0.00438308,0.00413686,0.00464088
MOCE31DD,MOCE,31,A,Trop,down,40,2/27/19,0.003503786,0.003307344,0.003711708
MOCE31DD,MOCE,31,A,Trop,down,50,3/9/19,0.003014339,0.002836379,0.003198487
MOCE31DD,MOCE,31,A,Trop,down,60,3/19/19,0.00246811,0.002333253,0.002610404
MOCE31DD,MOCE,31,A,Trop,down,74,4/2/19,0.001236243,0.001165154,0.001311188
MOCE31DD,MOCE,31,A,Trop,down,89,4/17/19,0.000360869,0.000335328,0.000388897
MOCE31UA,MOCE,31,A,Trop,up,15,10/14/18,-4.65E-05,-0.00015717,7.30E-05
MOCE31UA,MOCE,31,A,Trop,up,22,10/21/18,8.05E-05,-9.48E-06,0.000180567
MOCE31UA,MOCE,31,A,Trop,up,28,10/27/18,8.37E-05,2.75E-06,0.000170341
MOCE31UA,MOCE,31,A,Trop,up,36,11/4/18,-0.000161913,-0.000378027,5.08E-05
MOCE31UA,MOCE,31,A,Trop,up,43,11/11/18,-5.68E-05,-0.000224851,0.000113405
MOCE31UA,MOCE,31,A,Trop,up,50,11/18/18,-0.000360401,-0.00054041,-0.000182411
MOCE31UA,MOCE,31,A,Trop,up,57,11/25/18,1.45E-05,-0.000133263,0.00017212
MOCE31UA,MOCE,31,A,Trop,up,65,12/3/18,-6.15E-05,-0.000286451,0.000166953
MOCE31UA,MOCE,31,A,Trop,up,99,1/6/19,0.002172632,0.001926946,0.002425602
MOCE31UA,MOCE,31,A,Trop,up,107,1/14/19,0.012065271,0.011352717,0.012813417
MOCE31UA,MOCE,31,A,Trop,up,114,1/21/19,0.036635635,0.034262357,0.039185976
MOCE31UA,MOCE,31,A,Trop,up,122,1/29/19,0.047377093,0.044551983,0.050358346
MOCE31UA,MOCE,31,A,Trop,up,129,2/5/19,0.040141874,0.037816613,0.042583895
MOCE31UA,MOCE,31,A,Trop,up,142,2/18/19,0.045619664,0.043005137,0.04835911
MOCE31UA,MOCE,31,A,Trop,up,157,3/5/19,0.035564186,0.033565807,0.037674258
MOCE31UB,MOCE,31,A,Trop,up,0,9/29/18,-0.000153972,-0.000318376,1.22E-05
MOCE31UB,MOCE,31,A,Trop,up,15,10/14/18,0.000279301,0.000133996,0.000430319
MOCE31UB,MOCE,31,A,Trop,up,22,10/21/18,0.000100385,-4.18E-05,0.000257836
MOCE31UB,MOCE,31,A,Trop,up,28,10/27/18,0.000143581,1.72E-05,0.000279098
MOCE31UB,MOCE,31,A,Trop,up,36,11/4/18,-0.000189569,-0.000435216,5.21E-05
MOCE31UB,MOCE,31,A,Trop,up,43,11/11/18,-0.000181095,-0.000360441,6.98E-07
MOCE31UB,MOCE,31,A,Trop,up,50,11/18/18,-0.000164558,-0.000314442,-1.59E-05
MOCE31UB,MOCE,31,A,Trop,up,57,11/25/18,0.000199203,5.51E-05,0.00035694
MOCE31UB,MOCE,31,A,Trop,up,65,12/3/18,-1.21E-05,-0.000156834,0.000136099
MOCE31UB,MOCE,31,A,Trop,up,99,1/6/19,0.000925684,0.000670867,0.001188258
MOCE31UB,MOCE,31,A,Trop,up,107,1/14/19,0.001214052,0.001056007,0.001375919
MOCE31UB,MOCE,31,A,Trop,up,114,1/21/19,0.003991604,0.00355987,0.004447983
MOCE31UB,MOCE,31,A,Trop,up,122,1/29/19,0.002309233,0.002034242,0.002595584
MOCE31UB,MOCE,31,A,Trop,up,129,2/5/19,0.002978093,0.002529015,0.003437226
MOCE31UB,MOCE,31,A,Trop,up,135,2/11/19,0.003358278,0.003111559,0.003619811
MOCE31UB,MOCE,31,A,Trop,up,142,2/18/19,0.003473102,0.003242785,0.003711217
MOCE31UB,MOCE,31,A,Trop,up,151,2/27/19,0.004908205,0.004608716,0.005233633
MOCE31UB,MOCE,31,A,Trop,up,157,3/5/19,0.006282926,0.00590254,0.00668869
MOCE31UB,MOCE,31,A,Trop,up,171,3/19/19,0.004693684,0.004415832,0.004989337
MOCE31UC,MOCE,31,A,Trop,up,0,9/29/18,3.61E-05,-6.95E-05,0.00014341
MOCE31UC,MOCE,31,A,Trop,up,15,10/14/18,7.40E-05,-5.97E-05,0.000210066
MOCE31UC,MOCE,31,A,Trop,up,22,10/21/18,5.08E-05,-6.31E-05,0.000178118
MOCE31UC,MOCE,31,A,Trop,up,28,10/27/18,0.000132406,2.54E-05,0.000247348
MOCE31UC,MOCE,31,A,Trop,up,36,11/4/18,-0.000186576,-0.000439208,6.21E-05
MOCE31UC,MOCE,31,A,Trop,up,43,11/11/18,-8.66E-05,-0.000245581,7.38E-05
MOCE31UC,MOCE,31,A,Trop,up,50,11/18/18,-4.26E-05,-0.000178731,8.69E-05
MOCE31UC,MOCE,31,A,Trop,up,57,11/25/18,-1.94E-05,-0.000148851,0.000116711
MOCE31UC,MOCE,31,A,Trop,up,65,12/3/18,5.58E-05,-7.37E-05,0.000185752
MOCE31UC,MOCE,31,A,Trop,up,99,1/6/19,0.001019204,0.000758381,0.001283144
MOCE31UC,MOCE,31,A,Trop,up,107,1/14/19,0.003096794,0.002869326,0.003335991
MOCE31UC,MOCE,31,A,Trop,up,114,1/21/19,0.007901603,0.007325858,0.008493652
MOCE31UC,MOCE,31,A,Trop,up,123,1/30/19,0.009199315,0.008647161,0.009787664
MOCE31UC,MOCE,31,A,Trop,up,129,2/5/19,0.005965979,0.005591296,0.006361998
MOCE31UC,MOCE,31,A,Trop,up,135,2/11/19,0.01187939,0.011204247,0.012590344
MOCE31UC,MOCE,31,A,Trop,up,142,2/18/19,0.012533695,0.011800068,0.01330951
MOCE31UC,MOCE,31,A,Trop,up,151,2/27/19,0.012500695,0.011760753,0.013264048
MOCE31UC,MOCE,31,A,Trop,up,157,3/5/19,0.015822547,0.014905463,0.01677595
MOCE31UC,MOCE,31,A,Trop,up,171,3/19/19,0.021479895,0.020141492,0.022867732
MOCE31UC,MOCE,31,A,Trop,up,185,4/2/19,0.021470681,0.020218237,0.02279604
MOCE31UD,MOCE,31,A,Trop,up,0,9/29/18,-0.000128938,-0.000271412,1.45E-05
MOCE31UD,MOCE,31,A,Trop,up,15,10/14/18,0.000191132,6.30E-05,0.000326623
MOCE31UD,MOCE,31,A,Trop,up,22,10/21/18,1.17E-05,-0.000100468,0.000126563
MOCE31UD,MOCE,31,A,Trop,up,28,10/27/18,-1.73E-05,-0.000115435,8.88E-05
MOCE31UD,MOCE,31,A,Trop,up,36,11/4/18,0.000557987,0.000289471,0.000824998
MOCE31UD,MOCE,31,A,Trop,up,43,11/11/18,-0.00037349,-0.000636911,-0.000111882
MOCE31UD,MOCE,31,A,Trop,up,50,11/18/18,-0.000190799,-0.000369475,-1.10E-05
MOCE31UD,MOCE,31,A,Trop,up,57,11/25/18,1.04E-05,-0.000132823,0.00015488
MOCE31UD,MOCE,31,A,Trop,up,79,12/17/18,0.001254249,0.001113058,0.001399828
MOCE31UD,MOCE,31,A,Trop,up,99,1/6/19,0.015279073,0.014355161,0.016238109
MOCE31UD,MOCE,31,A,Trop,up,107,1/14/19,0.051468926,0.048580302,0.054562585
MOCE31UD,MOCE,31,A,Trop,up,114,1/21/19,0.041862103,0.039494911,0.044357702
MOCE31UE,MOCE,31,A,Trop,up,0,9/29/18,-0.000120342,-0.000285156,4.70E-05
MOCE31UE,MOCE,31,A,Trop,up,15,10/14/18,0.000152665,-3.58E-05,0.000338364
MOCE31UE,MOCE,31,A,Trop,up,28,10/27/18,-6.73E-05,-0.000204303,7.92E-05
MOCE31UE,MOCE,31,A,Trop,up,36,11/4/18,-9.22E-05,-0.000448082,0.00026967
MOCE31UE,MOCE,31,A,Trop,up,43,11/11/18,0.00068511,0.000384631,0.000988748
MOCE31UE,MOCE,31,A,Trop,up,50,11/18/18,5.94E-05,-0.000195915,0.000319274
MOCE31UE,MOCE,31,A,Trop,up,57,11/25/18,0.000467595,0.000274837,0.000668028
MOCE31UE,MOCE,31,A,Trop,up,79,12/17/18,0.003445624,0.003198323,0.003703044
MOCE31UE,MOCE,31,A,Trop,up,99,1/6/19,0.001018972,0.000719174,0.001328781
MOCE31UE,MOCE,31,A,Trop,up,107,1/14/19,0.005101857,0.004762853,0.00545871
MOCE31UE,MOCE,31,A,Trop,up,114,1/21/19,0.007007693,0.00647526,0.00756564
MOCE31UE,MOCE,31,A,Trop,up,123,1/30/19,0.009296165,0.00859515,0.010067551
MOCE31UE,MOCE,31,A,Trop,up,129,2/5/19,0.003477794,0.003124782,0.003860716
MOCE31UE,MOCE,31,A,Trop,up,135,2/11/19,0.01180717,0.011080502,0.012578076
MOCE31UE,MOCE,31,A,Trop,up,142,2/18/19,0.015793542,0.014874659,0.016769686
MOCE31UE,MOCE,31,A,Trop,up,151,2/27/19,0.011557202,0.010844813,0.012295162
MOCE31UE,MOCE,31,A,Trop,up,157,3/5/19,0.011224097,0.010540018,0.011954524
MOCE31UE,MOCE,31,A,Trop,up,171,3/19/19,0.027234168,0.025617517,0.028922525
MOCE31UE,MOCE,31,A,Trop,up,185,4/2/19,0.010039168,0.009434827,0.01066844
MOCE31UF,MOCE,31,A,Trop,up,0,9/29/18,-2.61E-05,-0.00013761,8.81E-05
MOCE31UF,MOCE,31,A,Trop,up,15,10/14/18,0.000129414,-1.83E-05,0.000278951
MOCE31UF,MOCE,31,A,Trop,up,28,10/27/18,-2.97E-05,-0.000168304,0.000120265
MOCE31UF,MOCE,31,A,Trop,up,36,11/4/18,-0.00023574,-0.000578177,0.00010478
MOCE31UF,MOCE,31,A,Trop,up,43,11/11/18,1.26E-05,-0.000229759,0.000256734
MOCE31UF,MOCE,31,A,Trop,up,57,11/25/18,-0.000113449,-0.00028116,6.21E-05
MOCE31UF,MOCE,31,A,Trop,up,79,12/17/18,0.000220297,2.93E-05,0.000414234
MOCE31UF,MOCE,31,A,Trop,up,99,1/6/19,0.00048326,9.01E-05,0.000878846
MOCE31UF,MOCE,31,A,Trop,up,107,1/14/19,0.001093763,0.000882056,0.001307396
MOCE31UF,MOCE,31,A,Trop,up,114,1/21/19,0.003740734,0.003322653,0.004169529
MOCE31UF,MOCE,31,A,Trop,up,123,1/30/19,0.005601821,0.005191601,0.006036781
MOCE31UF,MOCE,31,A,Trop,up,129,2/5/19,0.004981717,0.004623222,0.005361702
MOCE31UF,MOCE,31,A,Trop,up,135,2/11/19,0.007913734,0.007418143,0.008438845
MOCE31UF,MOCE,31,A,Trop,up,142,2/18/19,0.0117709,0.010988372,0.012609037
MOCE31UF,MOCE,31,A,Trop,up,151,2/27/19,0.013737242,0.012918561,0.014606723
MOCE31UF,MOCE,31,A,Trop,up,157,3/5/19,0.014413791,0.013566234,0.015292062
MOCE31UF,MOCE,31,A,Trop,up,171,3/19/19,0.018299119,0.017155101,0.019497311
MOCE31UF,MOCE,31,A,Trop,up,185,4/2/19,0.013611291,0.012802714,0.014444824
MOCE31UG,MOCE,31,A,Trop,up,0,9/29/18,-0.000110577,-0.000255837,4.09E-05
MOCE31UG,MOCE,31,A,Trop,up,15,10/14/18,0.000212954,8.74E-05,0.000341289
MOCE31UG,MOCE,31,A,Trop,up,29,10/28/18,-0.000170838,-0.000272194,-6.81E-05
MOCE31UG,MOCE,31,A,Trop,up,36,11/4/18,0.000174904,-0.000101338,0.000453212
MOCE31UG,MOCE,31,A,Trop,up,43,11/11/18,-6.22E-06,-0.00024816,0.000241414
MOCE31UG,MOCE,31,A,Trop,up,57,11/25/18,0.000620886,0.000457935,0.000796434
MOCE31UG,MOCE,31,A,Trop,up,79,12/17/18,0.001263267,0.001071954,0.00145761
MOCE31UG,MOCE,31,A,Trop,up,99,1/6/19,0.000361481,0.000109369,0.000619058
MOCE31UG,MOCE,31,A,Trop,up,107,1/14/19,0.001668896,0.001441405,0.001898206
MOCE31UG,MOCE,31,A,Trop,up,114,1/21/19,0.003862563,0.003411175,0.004320333
MOCE31UG,MOCE,31,A,Trop,up,123,1/30/19,0.005506713,0.005043174,0.006003522
MOCE31UG,MOCE,31,A,Trop,up,129,2/5/19,0.005750375,0.005356682,0.006170811
MOCE31UG,MOCE,31,A,Trop,up,135,2/11/19,0.007958348,0.007468095,0.008479798
MOCE31UG,MOCE,31,A,Trop,up,142,2/18/19,0.01043805,0.009811151,0.011100562
MOCE31UG,MOCE,31,A,Trop,up,151,2/27/19,0.013500892,0.012683677,0.014355206
MOCE31UG,MOCE,31,A,Trop,up,157,3/5/19,0.011658022,0.010980508,0.012369899
MOCE31UG,MOCE,31,A,Trop,up,171,3/19/19,0.016202999,0.015252979,0.017202113
MOCE31UG,MOCE,31,A,Trop,up,185,4/2/19,0.012540744,0.011766349,0.013340353
MOCE31UH,MOCE,31,A,Trop,up,0,9/29/18,-1.83E-05,-0.000159237,0.000129912
MOCE31UH,MOCE,31,A,Trop,up,15,10/14/18,0.000178519,6.84E-05,0.000296262
MOCE31UH,MOCE,31,A,Trop,up,29,10/28/18,6.74E-05,-5.26E-05,0.000191262
MOCE31UH,MOCE,31,A,Trop,up,36,11/4/18,-3.33E-05,-0.000282353,0.000217054
MOCE31UH,MOCE,31,A,Trop,up,43,11/11/18,0.000105329,-0.00022706,0.000434899
MOCE31UH,MOCE,31,A,Trop,up,57,11/25/18,0.000124142,-1.95E-05,0.000273552
MOCE31UH,MOCE,31,A,Trop,up,79,12/17/18,0.000153759,5.97E-05,0.000252006
MOCE31UH,MOCE,31,A,Trop,up,99,1/6/19,0.00020622,-2.50E-05,0.000441577
MOCE31UH,MOCE,31,A,Trop,up,107,1/14/19,0.001402623,0.001210369,0.001596708
MOCE31UH,MOCE,31,A,Trop,up,114,1/21/19,0.003000644,0.002657089,0.003356108
MOCE31UH,MOCE,31,A,Trop,up,123,1/30/19,0.0040455,0.003718682,0.004388853
MOCE31UH,MOCE,31,A,Trop,up,129,2/5/19,0.002616459,0.002395881,0.002848425
MOCE31UH,MOCE,31,A,Trop,up,135,2/11/19,0.004584158,0.00427659,0.00491163
MOCE31UH,MOCE,31,A,Trop,up,142,2/18/19,0.008543838,0.008035604,0.009080274
MOCE31UH,MOCE,31,A,Trop,up,151,2/27/19,0.009552479,0.008898265,0.010235294
MOCE31UH,MOCE,31,A,Trop,up,157,3/5/19,0.009659777,0.009110909,0.010251096
MOCE31UH,MOCE,31,A,Trop,up,171,3/19/19,0.02062493,0.019338435,0.021956293
MOCE31UH,MOCE,31,A,Trop,up,185,4/2/19,0.016629592,0.015681528,0.017593862
ROPS21DA,ROPS,21,R,Temp,down,0,9/3/19,0.042283184,0.040788714,0.043821163
ROPS21DA,ROPS,21,R,Temp,down,3,9/6/19,0.029256176,0.028229643,0.03032792
ROPS21DA,ROPS,21,R,Temp,down,7,9/10/19,0.023394198,0.022559217,0.024261179
ROPS21DA,ROPS,21,R,Temp,down,14,9/17/19,0.016880572,0.016277126,0.017508994
ROPS21DA,ROPS,21,R,Temp,down,21,9/24/19,0.007650984,0.007359942,0.007948157
ROPS21DA,ROPS,21,R,Temp,down,41,10/14/19,0.003686415,0.003327117,0.004044852
ROPS21DA,ROPS,21,R,Temp,down,56,10/29/19,0.001260308,0.000760151,0.001829743
ROPS21DA,ROPS,21,R,Temp,down,68,11/10/19,0.001606622,0.001438286,0.0017906
ROPS21DB,ROPS,21,R,Temp,down,0,9/3/19,0.034194528,0.032960348,0.035419145
ROPS21DB,ROPS,21,R,Temp,down,3,9/6/19,0.03616036,0.034892487,0.037459574
ROPS21DB,ROPS,21,R,Temp,down,7,9/10/19,0.040967781,0.03951912,0.042453101
ROPS21DB,ROPS,21,R,Temp,down,14,9/17/19,0.043035519,0.041529138,0.044608273
ROPS21DB,ROPS,21,R,Temp,down,21,9/24/19,0.034139275,0.032947871,0.035383926
ROPS21DB,ROPS,21,R,Temp,down,41,10/14/19,0.023368711,0.022544205,0.024214734
ROPS21DB,ROPS,21,R,Temp,down,56,10/29/19,0.001409208,0.001167862,0.001705508
ROPS21DB,ROPS,21,R,Temp,down,68,11/10/19,0.000911095,0.000820901,0.001013316
ROPS21DC,ROPS,21,R,Temp,down,0,9/3/19,0.028052162,0.027059002,0.02906449
ROPS21DC,ROPS,21,R,Temp,down,3,9/6/19,0.032957662,0.031793159,0.034157404
ROPS21DC,ROPS,21,R,Temp,down,7,9/10/19,0.032465942,0.031334094,0.033638078
ROPS21DC,ROPS,21,R,Temp,down,14,9/17/19,0.028167507,0.027197074,0.029180565
ROPS21DC,ROPS,21,R,Temp,down,21,9/24/19,0.020821119,0.020076329,0.021594377
ROPS21DC,ROPS,21,R,Temp,down,41,10/14/19,0.01483067,0.014266831,0.015412706
ROPS21DC,ROPS,21,R,Temp,down,56,10/29/19,0.00184884,0.001616775,0.002090802
ROPS21DC,ROPS,21,R,Temp,down,68,11/10/19,0.000752202,0.000590026,0.000933843
ROPS21DD,ROPS,21,R,Temp,down,0,9/3/19,0.031354451,0.030203574,0.032545127
ROPS21DD,ROPS,21,R,Temp,down,3,9/6/19,0.02420617,0.023356878,0.02509416
ROPS21DD,ROPS,21,R,Temp,down,7,9/10/19,0.023426355,0.022598678,0.024289245
ROPS21DD,ROPS,21,R,Temp,down,14,9/17/19,0.014229129,0.01372358,0.01475375
ROPS21DD,ROPS,21,R,Temp,down,22,9/25/19,0.002932959,0.002803004,0.003064092
ROPS21DD,ROPS,21,R,Temp,down,41,10/14/19,0.002378297,0.002259796,0.002500426
ROPS21DD,ROPS,21,R,Temp,down,57,10/30/19,0.000112248,-0.000268931,0.000520697
ROPS21UA,ROPS,21,R,Temp,up,0,5/7/19,-8.76E-05,-0.000155038,-1.59E-05
ROPS21UA,ROPS,21,R,Temp,up,7,5/14/19,1.23E-05,-3.50E-05,6.04E-05
ROPS21UA,ROPS,21,R,Temp,up,27,6/3/19,0.00420178,0.004037891,0.004375482
ROPS21UA,ROPS,21,R,Temp,up,49,6/25/19,0.013429344,0.012953689,0.013924833
ROPS21UA,ROPS,21,R,Temp,up,56,7/2/19,0.018446232,0.017805973,0.019114703
ROPS21UA,ROPS,21,R,Temp,up,63,7/9/19,0.018518276,0.017847193,0.019207907
ROPS21UA,ROPS,21,R,Temp,up,70,7/16/19,0.026458678,0.025507589,0.027421202
ROPS21UA,ROPS,21,R,Temp,up,77,7/23/19,0.029394248,0.028356221,0.030485645
ROPS21UA,ROPS,21,R,Temp,up,84,7/30/19,0.03235221,0.031195745,0.033565323
ROPS21UA,ROPS,21,R,Temp,up,90,8/5/19,0.026548995,0.025593756,0.027532007
ROPS21UA,ROPS,21,R,Temp,up,108,8/23/19,0.037341761,0.035979757,0.038744339
ROPS21UB,ROPS,21,R,Temp,up,0,5/7/19,2.92E-05,-2.94E-05,9.18E-05
ROPS21UB,ROPS,21,R,Temp,up,7,5/14/19,7.51E-06,-3.59E-05,5.36E-05
ROPS21UB,ROPS,21,R,Temp,up,27,6/3/19,0.001090389,0.001006023,0.001177193
ROPS21UB,ROPS,21,R,Temp,up,49,6/25/19,0.013391537,0.012917471,0.013884834
ROPS21UB,ROPS,21,R,Temp,up,56,7/2/19,0.01586929,0.015305,0.016460875
ROPS21UB,ROPS,21,R,Temp,up,63,7/9/19,0.010460425,0.010083357,0.010845415
ROPS21UB,ROPS,21,R,Temp,up,70,7/16/19,0.012206379,0.011774266,0.012662453
ROPS21UB,ROPS,21,R,Temp,up,77,7/23/19,0.012345455,0.011907864,0.012799518
ROPS21UC,ROPS,21,R,Temp,up,0,8/9/19,-8.53E-05,-0.000172805,3.78E-06
ROPS21UC,ROPS,21,R,Temp,up,10,8/19/19,4.35E-05,-2.98E-05,0.000122349
ROPS21UC,ROPS,21,R,Temp,up,19,8/28/19,0.001686677,0.001477477,0.001898006
ROPS21UC,ROPS,21,R,Temp,up,31,9/9/19,0.011213347,0.01081036,0.011627648
ROPS21UC,ROPS,21,R,Temp,up,42,9/20/19,0.016729785,0.016132303,0.017339686
ROPS21UC,ROPS,21,R,Temp,up,69,10/17/19,0.025967632,0.02501184,0.026935846
ROPS21UC,ROPS,21,R,Temp,up,84,11/1/19,0.032349922,0.031153992,0.03356682
ROPS31DA,ROPS,31,R,Temp,down,0,10/23/18,0.024498449,0.023576808,0.02544787
ROPS31DA,ROPS,31,R,Temp,down,3,10/26/18,0.01451298,0.013993572,0.015032703
ROPS31DA,ROPS,31,R,Temp,down,7,10/30/18,0.010523858,0.010128627,0.010927814
ROPS31DA,ROPS,31,R,Temp,down,14,11/6/18,0.003429287,0.003269451,0.003598206
ROPS31DA,ROPS,31,R,Temp,down,21,11/13/18,0.001648922,0.001497741,0.001805501
ROPS31DA,ROPS,31,R,Temp,down,28,11/20/18,0.000974726,0.000814532,0.001136928
ROPS31DA,ROPS,31,R,Temp,down,35,11/27/18,0.001596657,0.001491712,0.001704636
ROPS31DA,ROPS,31,R,Temp,down,42,12/4/18,0.001091685,0.000977647,0.001208337
ROPS31DA,ROPS,31,R,Temp,down,47,12/9/18,0.001075641,0.000930775,0.001223539
ROPS31DA,ROPS,31,R,Temp,down,56,12/18/18,0.000875557,0.000679738,0.001075918
ROPS31DA,ROPS,31,R,Temp,down,77,1/8/19,2.18E-05,-0.000128573,0.000174825
ROPS31DB,ROPS,31,R,Temp,down,0,10/21/18,0.018097594,0.017442874,0.01875945
ROPS31DB,ROPS,31,R,Temp,down,3,10/24/18,0.014003968,0.013482026,0.014549733
ROPS31DB,ROPS,31,R,Temp,down,7,10/28/18,0.015856697,0.015298584,0.016429182
ROPS31DB,ROPS,31,R,Temp,down,14,11/4/18,0.011831481,0.011315142,0.012356509
ROPS31DB,ROPS,31,R,Temp,down,21,11/11/18,0.006939182,0.006657972,0.007232977
ROPS31DB,ROPS,31,R,Temp,down,28,11/18/18,0.00397994,0.003823386,0.004142026
ROPS31DB,ROPS,31,R,Temp,down,35,11/25/18,0.004459184,0.004281092,0.004640631
ROPS31DB,ROPS,31,R,Temp,down,42,12/2/18,0.00392359,0.003766252,0.004087039
ROPS31DB,ROPS,31,R,Temp,down,49,12/9/18,0.002082437,0.001924613,0.002244818
ROPS31DB,ROPS,31,R,Temp,down,58,12/18/18,0.00094832,0.00080238,0.001097229
ROPS31DB,ROPS,31,R,Temp,down,77,1/6/19,-0.000170244,-0.000325411,-1.53E-05
ROPS31DC,ROPS,31,R,Temp,down,0,10/23/18,0.013558057,0.013045976,0.014090051
ROPS31DC,ROPS,31,R,Temp,down,3,10/26/18,0.011199011,0.010797694,0.011619528
ROPS31DC,ROPS,31,R,Temp,down,7,10/30/18,0.007632035,0.007351409,0.007917102
ROPS31DC,ROPS,31,R,Temp,down,14,11/6/18,0.001902454,0.001809608,0.001997097
ROPS31DC,ROPS,31,R,Temp,down,21,11/13/18,0.000460475,0.00037692,0.000546593
ROPS31DC,ROPS,31,R,Temp,down,28,11/20/18,0.000154829,6.40E-05,0.000245303
ROPS31DC,ROPS,31,R,Temp,down,35,11/27/18,0.000146915,8.10E-05,0.000214244
ROPS31DC,ROPS,31,R,Temp,down,42,12/4/18,0.000124139,1.64E-05,0.000234209
ROPS31DD,ROPS,31,R,Temp,down,0,10/23/18,0.020284667,0.019558675,0.021055292
ROPS31DD,ROPS,31,R,Temp,down,3,10/26/18,0.01511656,0.01458355,0.015661466
ROPS31DD,ROPS,31,R,Temp,down,7,10/30/18,0.013654105,0.01316859,0.014157055
ROPS31DD,ROPS,31,R,Temp,down,14,11/6/18,0.008453823,0.008142855,0.008776589
ROPS31DD,ROPS,31,R,Temp,down,21,11/13/18,0.005150668,0.004944511,0.005363211
ROPS31DD,ROPS,31,R,Temp,down,28,11/20/18,0.004014794,0.003825329,0.004206903
ROPS31DD,ROPS,31,R,Temp,down,35,11/27/18,0.004825985,0.004637376,0.00502302
ROPS31DD,ROPS,31,R,Temp,down,42,12/4/18,0.004588408,0.004400285,0.004783952
ROPS31DD,ROPS,31,R,Temp,down,47,12/9/18,0.004807225,0.004587039,0.005030915
ROPS31DD,ROPS,31,R,Temp,down,56,12/18/18,0.007827612,0.007505188,0.008154416
ROPS31DD,ROPS,31,R,Temp,down,77,1/8/19,0.001183558,0.001050489,0.001320397
ROPS31DD,ROPS,31,R,Temp,down,84,1/15/19,0.000305081,0.000130556,0.000486838
ROPS31UA,ROPS,31,R,Temp,up,0,9/11/18,-0.000101676,-0.000191779,-9.69E-06
ROPS31UA,ROPS,31,R,Temp,up,7,9/18/18,2.35E-06,-6.21E-05,6.82E-05
ROPS31UA,ROPS,31,R,Temp,up,14,9/25/18,-0.000127182,-0.000221526,-3.06E-05
ROPS31UA,ROPS,31,R,Temp,up,24,10/5/18,2.08E-05,-4.65E-05,8.86E-05
ROPS31UA,ROPS,31,R,Temp,up,28,10/9/18,5.07E-05,-2.52E-05,0.000127395
ROPS31UA,ROPS,31,R,Temp,up,35,10/16/18,1.73E-05,-8.71E-05,0.000121087
ROPS31UA,ROPS,31,R,Temp,up,42,10/23/18,-9.15E-07,-9.64E-05,0.000100317
ROPS31UA,ROPS,31,R,Temp,up,49,10/30/18,-1.38E-05,-0.000101691,7.45E-05
ROPS31UA,ROPS,31,R,Temp,up,56,11/6/18,0.002446327,0.002323533,0.002570326
ROPS31UA,ROPS,31,R,Temp,up,63,11/13/18,0.011367234,0.01095214,0.011799366
ROPS31UA,ROPS,31,R,Temp,up,70,11/20/18,0.011910865,0.011461822,0.012373616
ROPS31UA,ROPS,31,R,Temp,up,77,11/27/18,0.012162647,0.011724702,0.012616316
ROPS31UA,ROPS,31,R,Temp,up,84,12/4/18,0.021274667,0.020511351,0.022069242
ROPS31UA,ROPS,31,R,Temp,up,89,12/9/18,0.021812011,0.021013262,0.022634564
ROPS31UB,ROPS,31,R,Temp,up,0,9/11/18,4.51E-05,-6.55E-05,0.000156004
ROPS31UB,ROPS,31,R,Temp,up,7,9/18/18,-0.000102812,-0.000180366,-2.27E-05
ROPS31UB,ROPS,31,R,Temp,up,14,9/25/18,-2.99E-05,-0.00014386,8.48E-05
ROPS31UB,ROPS,31,R,Temp,up,28,10/9/18,7.80E-05,-2.75E-05,0.000184166
ROPS31UB,ROPS,31,R,Temp,up,35,10/16/18,0.000587329,0.000469094,0.000708373
ROPS31UB,ROPS,31,R,Temp,up,42,10/23/18,0.003691363,0.003522813,0.00386151
ROPS31UB,ROPS,31,R,Temp,up,49,10/30/18,0.005450397,0.005225536,0.005675702
ROPS31UB,ROPS,31,R,Temp,up,56,11/6/18,0.003381149,0.003222326,0.003545973
ROPS31UB,ROPS,31,R,Temp,up,63,11/13/18,0.003244738,0.003066583,0.003429528
ROPS31UB,ROPS,31,R,Temp,up,70,11/20/18,0.004772338,0.004530762,0.0050232
ROPS31UB,ROPS,31,R,Temp,up,77,11/27/18,0.004555579,0.004354902,0.004762526
ROPS31UB,ROPS,31,R,Temp,up,84,12/4/18,0.007397243,0.007085192,0.007717397
ROPS31UB,ROPS,31,R,Temp,up,89,12/9/18,0.008146415,0.00780091,0.008500397
ROPS31UB,ROPS,31,R,Temp,up,118,1/7/19,0.015837466,0.015257443,0.016410991
ROPS31UB,ROPS,31,R,Temp,up,126,1/15/19,0.016305356,0.015708937,0.016918107
ROPS31UB,ROPS,31,R,Temp,up,139,1/28/19,0.018209107,0.017553676,0.01888443
ROPS31UC,ROPS,31,R,Temp,up,0,9/11/18,-0.000217466,-0.000307934,-0.000127931
ROPS31UC,ROPS,31,R,Temp,up,7,9/18/18,-5.05E-05,-0.000130729,3.14E-05
ROPS31UC,ROPS,31,R,Temp,up,14,9/25/18,0.000123874,1.17E-06,0.000251546
ROPS31UC,ROPS,31,R,Temp,up,28,10/9/18,2.28E-05,-0.000103321,0.000149546
ROPS31UC,ROPS,31,R,Temp,up,35,10/16/18,-4.49E-05,-0.000176041,8.81E-05
ROPS31UC,ROPS,31,R,Temp,up,42,10/23/18,-9.58E-05,-0.000228503,4.33E-05
ROPS31UC,ROPS,31,R,Temp,up,49,10/30/18,-0.000133293,-0.00030803,4.26E-05
ROPS31UC,ROPS,31,R,Temp,up,56,11/6/18,5.51E-05,-6.72E-05,0.000176694
ROPS31UC,ROPS,31,R,Temp,up,63,11/13/18,0.000121827,-9.45E-06,0.000256451
ROPS31UC,ROPS,31,R,Temp,up,70,11/20/18,0.000404286,0.000175386,0.000630028
ROPS31UC,ROPS,31,R,Temp,up,77,11/27/18,0.000768592,0.00061233,0.000929208
ROPS31UC,ROPS,31,R,Temp,up,84,12/4/18,0.002068957,0.001858108,0.002283129
ROPS31UC,ROPS,31,R,Temp,up,89,12/9/18,0.002371328,0.002133318,0.002608437
ROPS31UC,ROPS,31,R,Temp,up,119,1/8/19,0.006058258,0.005691668,0.006434113
ROPS31UC,ROPS,31,R,Temp,up,126,1/15/19,0.006151164,0.00582694,0.006482454
ROPS31UC,ROPS,31,R,Temp,up,139,1/28/19,0.014963894,0.014413111,0.015528473
ROPS31UC,ROPS,31,R,Temp,up,148,2/6/19,0.015972509,0.015377916,0.016583974
ROPS31UC,ROPS,31,R,Temp,up,155,2/13/19,0.013382126,0.012810325,0.01397803
ROPS31UD,ROPS,31,R,Temp,up,0,9/11/18,-3.44E-05,-0.000157692,8.56E-05
ROPS31UD,ROPS,31,R,Temp,up,7,9/18/18,4.12E-05,-5.74E-05,0.000141264
ROPS31UD,ROPS,31,R,Temp,up,14,9/25/18,-0.000183313,-0.00031423,-4.63E-05
ROPS31UD,ROPS,31,R,Temp,up,28,10/9/18,0.004185495,0.003919486,0.004466693
ROPS31UD,ROPS,31,R,Temp,up,35,10/16/18,0.006615517,0.006345954,0.006894771
ROPS31UD,ROPS,31,R,Temp,up,42,10/23/18,0.006275613,0.006023783,0.006536172
ROPS31UD,ROPS,31,R,Temp,up,49,10/30/18,0.009323359,0.008965153,0.009692861
ROPS31UD,ROPS,31,R,Temp,up,56,11/6/18,0.007317251,0.007033078,0.007602938
ROPS31UD,ROPS,31,R,Temp,up,63,11/13/18,0.009928948,0.009540215,0.010319785
ROPS31UD,ROPS,31,R,Temp,up,70,11/20/18,0.008534928,0.008190296,0.008884873
ROPS31UD,ROPS,31,R,Temp,up,77,11/27/18,0.009882472,0.009501702,0.010274191
ROPS31UD,ROPS,31,R,Temp,up,84,12/4/18,0.013567914,0.013022902,0.014116985
ROPS31UD,ROPS,31,R,Temp,up,97,12/17/18,0.008785315,0.008452929,0.009122524
ROPS31UD,ROPS,31,R,Temp,up,119,1/8/19,0.011120058,0.010606326,0.011632972
ROPS31UE,ROPS,31,R,Temp,up,0,9/11/18,8.57E-05,-7.60E-06,0.000178489
ROPS31UE,ROPS,31,R,Temp,up,7,9/18/18,-3.51E-05,-0.000142196,7.21E-05
ROPS31UE,ROPS,31,R,Temp,up,14,9/25/18,-0.000256678,-0.000375268,-0.000129666
ROPS31UE,ROPS,31,R,Temp,up,28,10/9/18,0.000127628,2.98E-05,0.000226099
ROPS31UE,ROPS,31,R,Temp,up,35,10/16/18,0.000102834,-5.81E-07,0.000207916
ROPS31UE,ROPS,31,R,Temp,up,42,10/23/18,1.49E-05,-8.55E-05,0.000118325
ROPS31UE,ROPS,31,R,Temp,up,49,10/30/18,4.27E-05,-0.00011292,0.000198033
ROPS31UE,ROPS,31,R,Temp,up,56,11/6/18,-2.15E-05,-0.000106366,6.05E-05
ROPS31UE,ROPS,31,R,Temp,up,70,11/20/18,1.07E-05,-0.00011114,0.00013392
ROPS31UE,ROPS,31,R,Temp,up,77,11/27/18,-0.000199861,-0.000337684,-5.51E-05
ROPS31UE,ROPS,31,R,Temp,up,84,12/4/18,-2.71E-05,-0.000194959,0.000141538
ROPS31UE,ROPS,31,R,Temp,up,97,12/17/18,0.000344251,0.000224393,0.000467801
ROPS31UE,ROPS,31,R,Temp,up,119,1/8/19,0.0010725,0.000928544,0.001218508
ROPS31UE,ROPS,31,R,Temp,up,126,1/15/19,0.006093579,0.005816425,0.00638196
ROPS31UE,ROPS,31,R,Temp,up,140,1/29/19,0.012771212,0.012293235,0.01325092
ROPS31UE,ROPS,31,R,Temp,up,148,2/6/19,0.018842464,0.018140863,0.019557769
ROPS31UE,ROPS,31,R,Temp,up,155,2/13/19,0.015061323,0.014447412,0.015697187
ROPS31UE,ROPS,31,R,Temp,up,167,2/25/19,0.015658847,0.015111101,0.016223692
ROPS31UF,ROPS,31,R,Temp,up,0,9/12/18,4.55E-05,-7.79E-05,0.000174823
ROPS31UF,ROPS,31,R,Temp,up,7,9/19/18,9.97E-05,-1.71E-05,0.000221258
ROPS31UF,ROPS,31,R,Temp,up,14,9/26/18,-0.000162498,-0.0003068,-1.19E-05
ROPS31UF,ROPS,31,R,Temp,up,28,10/10/18,4.70E-05,-7.17E-05,0.000166854
ROPS31UF,ROPS,31,R,Temp,up,35,10/17/18,-0.000123998,-0.000244831,5.07E-06
ROPS31UF,ROPS,31,R,Temp,up,43,10/25/18,4.03E-05,-7.45E-05,0.000161334
ROPS31UF,ROPS,31,R,Temp,up,49,10/31/18,5.97E-05,-5.10E-05,0.000177559
ROPS31UF,ROPS,31,R,Temp,up,56,11/7/18,8.42E-05,-6.91E-05,0.000240245
ROPS31UF,ROPS,31,R,Temp,up,63,11/14/18,0.000708998,0.000524853,0.000895649
ROPS31UF,ROPS,31,R,Temp,up,70,11/21/18,0.003591433,0.003409534,0.003781061
ROPS31UF,ROPS,31,R,Temp,up,77,11/28/18,0.013592964,0.013088702,0.01410488
ROPS31UF,ROPS,31,R,Temp,up,83,12/4/18,0.015286386,0.014715702,0.015874328
ROPS31UF,ROPS,31,R,Temp,up,96,12/17/18,0.018035877,0.0173923,0.01870595
ROPS31UF,ROPS,31,R,Temp,up,118,1/8/19,0.017441573,0.016772688,0.018124993